name,tcx,hex,r,g,b
Egret,11-0103,#F3ECE0,243,236,224
Snow White,11-0602,#F2F0EB,242,240,235
Bright White,11-0601,#F4F5F0,244,245,240
Cloud Dancer,11-4201,#F0EEE9,240,238,233
Gardenia,11-0604,#F1E8DF,241,232,223
Marshmallow,11-4300,#F0EEE4,240,238,228
Blanc De Blanc,11-4800,#E7E9E7,231,233,231
Pristine,11-0606,#F2E8DA,242,232,218
Whisper White,11-0701,#EDE6DB,237,230,219
White Asparagus,12-0104,#E1DBC8,225,219,200
Birch,13-0905,#DDD5C7,221,213,199
Turtledove,12-5202,#DED7C8,222,215,200
Bone White,12-0105,#D7D0C0,215,208,192
Silver Birch,13-4403,#D2CFC4,210,207,196
Vanilla Ice,11-0104,#F0EADA,240,234,218
Papyrus,11-0107,#F5EDD6,245,237,214
Antique White,11-0105,#EDE3D2,237,227,210
Winter White,11-0507,#F5ECD2,245,236,210
Cloud Cream,12-0804,#E6DDC5,230,221,197
Angora,12-0605,#DFD1BB,223,209,187
Seedpearl,12-0703,#E6DAC4,230,218,196
Vanilla Custard,12-0815,#F3E0BE,243,224,190
Almond Oil,12-0713,#F4EFC1,244,239,193
Alabaster Gleam,12-0812,#F0DEBD,240,222,189
Vanilla,12-0712,#F4E1C1,244,225,193
Rutabaga,12-0806,#ECDDBE,236,221,190
Banana Crepe,13-0815,#E7D3AD,231,211,173
Italian Straw,13-0917,#E7D1A1,231,209,161
Whitecap Gray,12-0304,#E0D5C6,224,213,198
Fog,13-0607,#D0C5B1,208,197,177
White Swan,12-0000,#E4D7C5,228,215,197
Sandshell,13-0907,#D8CCBB,216,204,187
Tapioca,12-1403,#DCCDBC,220,205,188
Creme Brulee,13-1006,#DBCCB5,219,204,181
Parchment,13-0908,#DFD1BE,223,209,190
Sheer Pink,12-1106,#F6E5DB,246,229,219
Dew,12-1108,#EEDED1,238,222,209
Powder Puff,11-1404,#F3E0D6,243,224,214
Pearled Ivory,11-0907,#F0DFCC,240,223,204
White Smoke,12-0704,#EDDCC9,237,220,201
Ecru,11-0809,#F3DFCA,243,223,202
Navajo,12-0710,#EFDCC3,239,220,195
Almost Mauve,12-2103,#E7DCD9,231,220,217
Delicacy,11-2409,#F5E3E2,245,227,226
Petal Pink,11-2309,#F2E2E0,242,226,224
Bridal Blush,11-1005,#EEE2DD,238,226,221
Cream Pink,11-1306,#F6E4D9,246,228,217
Angel Wing,11-1305,#F3DFD7,243,223,215
Pastel Parchment,11-0603,#E5D9D3,229,217,211
Star White,11-4202,#EFEFE8,239,239,232
Lily White,11-4301,#E2E2DA,226,226,218
Vaporous Gray,12-4302,#DFDDD7,223,221,215
Summer Shower,11-4802,#E5EBE3,229,235,227
Ice,11-4803,#E0E4D9,224,228,217
Frost,12-6207,#DDE2D6,221,226,214
Icicle,12-5201,#DADCD0,218,220,208
Bit Of Blue,11-4601,#E2EAEB,226,234,235
Mystic Blue,11-4303,#E1E3DE,225,227,222
Bluewash,12-4304,#E2E6E0,226,230,224
Spa Blue,12-4305,#D3DEDF,211,222,223
Lightest Sky,11-4804,#E4EADF,228,234,223
Hint Of Mint,11-4805,#D8E8E6,216,232,230
Murmur,12-5203,#D2D8D2,210,216,210
Barely Blue,12-4306,#DDE0DF,221,224,223
Blue Blush,12-4705,#D6DBD9,214,219,217
Zephyr Blue,12-5603,#D3D9D1,211,217,209
Blue Flower,12-5403,#D0D9D4,208,217,212
Sprout Green,12-5303,#CBD7D2,203,215,210
Billowing Sail,11-4604,#D8E7E7,216,231,231
Hushed Green,12-5508,#D8E9E5,216,233,229
Lambs Wool,12-0910,#E5D0B1,229,208,177
Winter Wheat,14-1119,#DFC09F,223,192,159
Summer Melon,13-0814,#EAD3AE,234,211,174
Chamomile,13-0916,#E8D0A7,232,208,167
Cornhusk,12-0714,#F2D6AE,242,214,174
Apricot Gelato,12-0817,#F5D7AF,245,215,175
Biscotti,13-1009,#DAC7AB,218,199,171
Asparagus Green,12-0311,#D2CDB4,210,205,180
Oyster White,13-1007,#D2CAAF,210,202,175
Putty,13-0711,#D4CAB0,212,202,176
Moth,13-0611,#D2CBAF,210,203,175
Wood Ash,14-1108,#D7CAB0,215,202,176
Gravel,14-1014,#CBBFA2,203,191,162
Pale Khaki,15-1216,#BFAF92,191,175,146
Light Gray,12-0404,#DAD8C9,218,216,201
Silver Green,12-6204,#D7D7C7,215,215,199
Pelican,14-6305,#C1BCAC,193,188,172
Overcast,14-0105,#C3BDAB,195,189,171
Tidal Foam,14-0210,#BFB9A3,191,185,163
Agate Gray,15-6307,#B1B09F,177,176,159
Alfalfa,14-6308,#B7B59F,183,181,159
Castle Wall,14-0108,#C8C1AB,200,193,171
Oyster Gray,14-1107,#CBC1AE,203,193,174
Cement,14-0708,#C4B6A6,196,182,166
Spray Green,15-0309,#AEA692,174,166,146
Eucalyptus,15-0513,#B1A992,177,169,146
Twill,16-1108,#A79B82,167,155,130
Olive Gray,16-1110,#A6997A,166,153,122
Chinchilla,17-1109,#9C8E7B,156,142,123
Seneca Rock,17-1107,#9A927F,154,146,127
Laurel Oak,17-0610,#918C7E,145,140,126
Coriander,17-1113,#938772,147,135,114
Dune,17-1009,#998978,153,137,120
Lead Gray,17-1118,#8A7963,138,121,99
Covert Green,18-0617,#80765F,128,118,95
Oxford Tan,15-1306,#B8A99A,184,169,154
Plaza Taupe,16-1105,#AEA393,174,163,147
Tuffet,16-1106,#A59788,165,151,136
Silver Mink,17-1312,#9F8D7C,159,141,124
Timber Wolf,17-1310,#8D8070,141,128,112
Taupe Gray,17-0808,#8E7C71,142,124,113
Pine Bark,17-1410,#827064,130,112,100
Pumice Stone,14-0002,#CAC2B9,202,194,185
Simply Taupe,16-0906,#AD9F93,173,159,147
Aluminum,16-1107,#9F9586,159,149,134
Cobblestone,16-1407,#A89A8E,168,154,142
Brindle,18-1110,#82776B,130,119,107
Walnut,18-1112,#776A5F,119,106,95
Bungee Cord,18-0513,#696156,105,97,86
Oatmeal,13-0401,#CBC3B4,203,195,180
Moonbeam,13-0000,#CDC6BD,205,198,189
Rainy Day,13-5304,#CFC8BD,207,200,189
Gray Morn,13-0403,#CABEB5,202,190,181
Peyote,14-1106,#C5BBAE,197,187,174
Feather Gray,15-1305,#B8AD9E,184,173,158
Goat,16-0806,#A89A91,168,154,145
White Sand,13-0002,#DBD5D1,219,213,209
Silver Gray,14-0000,#C1B7B0,193,183,176
Chateau Gray,15-4503,#BBB1A8,187,177,168
String,16-1305,#AA9F96,170,159,150
Atmosphere,16-1406,#A89C94,168,156,148
Moon Rock,17-1210,#958B84,149,139,132
Fungi,17-1212,#8F8177,143,129,119
Silver Lining,14-4501,#BDB6AB,189,182,171
Moonstruck,14-4500,#C2BEB6,194,190,182
Pussywillow Gray,15-6304,#AEACA1,174,172,161
London Fog,16-0207,#A29E92,162,158,146
Rock Ridge,17-0207,#918C86,145,140,134
Moon Mist,18-4105,#80817D,128,129,125
Castor Gray,18-0510,#646762,100,103,98
Glacier Gray,14-4102,#C5C6C7,197,198,199
Lunar Rock,14-4201,#C5C5C5,197,197,197
Dawn Blue,13-4303,#CACCCB,202,204,203
Gray Violet,14-4103,#BBBCBC,187,188,188
Vapor Blue,14-4203,#BEBDBD,190,189,189
High Rise,15-4101,#AEB2B5,174,178,181
Limestone,16-4702,#989A98,152,154,152
Silver Cloud,15-4502,#BEB7B0,190,183,176
Dove,15-0000,#B3ADA7,179,173,167
Flint Gray,16-5803,#A09C98,160,156,152
Drizzle,16-4402,#A09F9C,160,159,156
Elephant Skin,17-0205,#8F8982,143,137,130
Cinder,17-1506,#8A7E78,138,126,120
Steeple Gray,17-1500,#827E7C,130,126,124
Metal,14-4503,#BABFBC,186,191,188
Blue Fox,14-4804,#B9BCB6,185,188,182
Storm Gray,15-4003,#B5BAB6,181,186,182
Pigeon,15-4704,#A9AFAA,169,175,170
Mirage Gray,15-4703,#ABAFAE,171,175,174
Puritan Gray,15-4702,#A8B0AE,168,176,174
Wrought Iron,16-5904,#999E98,153,158,152
Opal Gray,16-3801,#A49E9E,164,158,158
Wild Dove,17-1501,#8B8C89,139,140,137
Neutral Gray,17-4402,#8E918F,142,145,143
Gargoyle,18-0503,#686767,104,103,103
Smoked Pearl,18-0000,#656466,101,100,102
Sedona Sage,18-5105,#686D6C,104,109,108
Gunmetal,18-0306,#5C5D5B,92,93,91
Wind Chime,14-4002,#CAC5C2,202,197,194
Paloma,16-0000,#9F9C99,159,156,153
Charcoal Gray,18-0601,#6C6868,108,104,104
Steel Gray,18-4005,#726F70,114,111,112
Pewter,18-5203,#666564,102,101,100
Castlerock,18-0201,#5F5E62,95,94,98
Nine Iron,19-3908,#46434A,70,67,74
Ash,16-3802,#A09998,160,153,152
Cloudburst,17-1502,#837F7F,131,127,127
Frost Gray,17-0000,#848283,132,130,131
Excalibur,18-3905,#676168,103,97,104
Dark Gull Gray,18-0403,#625D5D,98,93,93
Rabbit,19-3905,#5F575C,95,87,92
Shale,19-3903,#4A3F41,74,63,65
Fossil,17-0909,#806F63,128,111,99
Major Brown,19-0810,#5B5149,91,81,73
Chocolate Chip,19-0809,#685A4E,104,90,78
Canteen,19-0820,#5E5347,94,83,71
Stone Gray,18-0615,#685E4F,104,94,79
Capers,18-0820,#695E4B,105,94,75
Beech,19-0618,#5B4F3B,91,79,59
Tarmac,19-0822,#5A5348,90,83,72
Wren,19-0614,#4A4139,74,65,57
Black Olive,19-0608,#48413B,72,65,59
Beluga,19-0405,#4A4843,74,72,67
Black Ink,19-0506,#44413C,68,65,60
Peat,19-0508,#3B3A36,59,58,54
Jet Set,19-5708,#262C2A,38,44,42
Iron,18-1306,#736460,115,100,96
Plum Kitten,19-3803,#625B5C,98,91,92
Turkish Coffee,19-0812,#483F39,72,63,57
Black Coffee,19-1111,#3B302F,59,48,47
After Dark,19-1101,#3C3535,60,53,53
Licorice,19-1102,#3A3536,58,53,54
Raven,19-0000,#413E3D,65,62,61
Jet Black,19-0303,#2D2C2F,45,44,47
Phantom,19-4205,#39373B,57,55,59
Stretch Limo,19-4005,#2B2C30,43,44,48
Moonless Night,19-4203,#2F2D30,47,45,48
Caviar,19-4006,#292A2D,41,42,45
Pirate Black,19-4305,#363838,54,56,56
Anthracite,19-4007,#28282D,40,40,45
Vanilla Cream,12-1009,#F4D8C6,244,216,198
Dawn,12-0811,#EBD2B7,235,210,183
Gray Sand,13-1010,#E5CCAF,229,204,175
Autumn Blonde,12-0813,#EED0AE,238,208,174
Apricot Illusion,14-1120,#E2C4A6,226,196,166
Mellow Buff,13-1014,#D8B998,216,185,152
Sheepskin,14-1122,#DAB58F,218,181,143
Almond Buff,14-1116,#CCB390,204,179,144
Beige,14-1118,#D5BA98,213,186,152
Sand,15-1225,#CCA67F,204,166,127
Latte,15-1220,#C5A582,197,165,130
Tan,16-1334,#B69574,182,149,116
Doe,16-1333,#B98E68,185,142,104
Indian Tan,17-1328,#AD8567,173,133,103
Safari,15-1116,#BAAA91,186,170,145
Candied Ginger,15-1213,#BFA387,191,163,135
Warm Sand,15-1214,#C5AE91,197,174,145
Cuban Sand,15-1314,#C1A68D,193,166,141
Nougat,16-1320,#B69885,182,152,133
Natural,16-1310,#AA907D,170,144,125
Nomad,16-1212,#B49F89,180,159,137
Frozen Dew,13-0513,#D8CFB2,216,207,178
Bleached Sand,13-1008,#DACCB4,218,204,180
Pebble,14-1112,#CAB698,202,182,152
Croissant,16-0924,#C4AB86,196,171,134
Incense,16-1010,#AF9A7E,175,154,126
Cornstalk,16-1315,#A9947A,169,148,122
Tannin,17-1320,#A68A6D,166,138,109
Green Haze,14-0615,#CAC4A4,202,196,164
Mojave Desert,15-1217,#C7B595,199,181,149
Taos Taupe,15-1119,#BFA77F,191,167,127
Lark,16-1324,#B89B72,184,155,114
Kelp,17-1022,#988467,152,132,103
Antique Bronze,17-1028,#907954,144,121,84
Dull Gold,17-0935,#8A6F48,138,111,72
Brown Sugar,17-1134,#A17249,161,114,73
Chipmunk,17-1044,#976F4C,151,111,76
Tobacco Brown,17-1327,#9A7352,154,115,82
Bison,18-1027,#6E4F3A,110,79,58
Monks Robe,18-1048,#704822,112,72,34
Dachshund,18-1033,#704F37,112,79,55
Toffee,18-1031,#755139,117,81,57
Aztec,18-1130,#7A5747,122,87,71
Cocoa Brown,18-1222,#6C5043,108,80,67
Partridge,18-1124,#725440,114,84,64
Friar Brown,19-1230,#6E493A,110,73,58
Mustang,19-1217,#684B40,104,75,64
Pinecone,19-1121,#61473B,97,71,59
Potting Soil,19-1218,#54392D,84,57,45
Ermine,18-1022,#836B4F,131,107,79
Otter,18-1018,#7F674F,127,103,79
Kangaroo,18-0920,#725E43,114,94,67
Sepia,18-0928,#6B543E,107,84,62
Coffee Liqueur,18-0930,#6A513B,106,81,59
Desert Palm,19-0815,#5A4632,90,70,50
Teak,19-0617,#655341,101,83,65
Shitake,18-1015,#736253,115,98,83
Cub,18-1016,#6E5C4B,110,92,75
Carafe,19-1116,#5D473A,93,71,58
Dark Earth,19-1020,#5C4939,92,73,57
Slate Black,19-0814,#4B3D33,75,61,51
Chocolate Brown,19-0912,#4E403B,78,64,59
Demitasse,19-0712,#40342B,64,52,43
Deep Taupe,18-1312,#7B6660,123,102,96
Shopping Bag,19-1213,#5A4743,90,71,67
Chestnut,19-1118,#584039,88,64,57
Bracken,19-1015,#4F3F3B,79,63,59
Seal Brown,19-1314,#493B39,73,59,57
Java,19-1016,#433331,67,51,49
Coffee Bean,19-0915,#40312F,64,49,47
Mother Of Pearl,12-1006,#E9D4C3,233,212,195
Pastel Rose Tan,12-1007,#E9D1BF,233,209,191
Novelle Peach,12-1005,#E7CFBD,231,207,189
Sun Kiss,12-0807,#EBD1BB,235,209,187
Ivory Cream,13-1011,#DAC0A7,218,192,167
Shifting Sand,14-1210,#D8C0AD,216,192,173
Appleblossom,13-1013,#DDBCA0,221,188,160
Eggnog,12-0601,#ECE1D3,236,225,211
Cream Tan,13-1108,#E4C7B8,228,199,184
Sand Dollar,13-1106,#DECDBE,222,205,190
Smoke Gray,14-1209,#CEBAA8,206,186,168
Doeskin,15-1308,#BDAB9B,189,171,155
Sesame,15-1215,#BAA38B,186,163,139
Light Taupe,16-1210,#B19D8D,177,157,141
Warm Taupe,16-1318,#AF9483,175,148,131
Stucco,16-1412,#A58D7F,165,141,127
Almondine,16-1415,#A78C8B,167,140,139
Chanterelle,16-1414,#A28776,162,135,118
Ginger Snap,17-1418,#977D70,151,125,112
Woodsmoke,17-1321,#947764,148,119,100
Amphora,17-1319,#9F8672,159,134,114
Moonlight,15-1309,#C5B1A0,197,177,160
Frappe,14-1212,#D1B7A0,209,183,160
Rugby Tan,15-1315,#C2A594,194,165,148
Roebuck,16-1221,#B09080,176,144,128
Praline,17-1223,#AD8B75,173,139,117
Burro,17-1322,#9E7E67,158,126,103
Beaver Fur,17-1417,#997867,153,120,103
Toasted Almond,14-1213,#D2B49C,210,180,156
Tawny Birch,17-1225,#AE856C,174,133,108
Macaroon,16-1323,#B38B71,179,139,113
Tawny Brown,17-1226,#AB856F,171,133,111
Camel,17-1224,#B0846A,176,132,106
Toast,16-1331,#CA9978,202,153,120
Toasted Nut,16-1327,#C08768,192,135,104
Nude,12-0911,#F2D3BC,242,211,188
Tender Peach,12-0912,#F8D5B8,248,213,184
Alesan,12-0913,#F1CEB3,241,206,179
Pale Peach,12-0915,#FED1BD,254,209,189
Peach Puree,12-1011,#EFCFBA,239,207,186
Bellini,13-1114,#F4C9B1,244,201,177
Amberlight,14-1217,#E2BEA2,226,190,162
Pink Champagne,12-1107,#F0D8CC,240,216,204
Linen,12-1008,#EDD2C0,237,210,192
Scallop Shell,12-1010,#FBD8C9,251,216,201
Soft Pink,12-1209,#F2D8CD,242,216,205
Pale Dogwood,13-1404,#EDCDC2,237,205,194
Silver Peony,12-1206,#E7CFC7,231,207,199
Rose Dust,14-1307,#CDB2A5,205,178,165
Shell,13-1405,#E1CFC6,225,207,198
Whisper Pink,13-1107,#DACBBE,218,203,190
Pink Tint,12-1404,#DBCBBD,219,203,189
Evening Sand,14-1311,#DDB6AB,221,182,171
Sirocco,15-1317,#C39D88,195,157,136
Brush,16-1317,#B99984,185,153,132
Cafe Au Lait,17-1227,#AE8774,174,135,116
Cameo Rose,14-1310,#D7B8AB,215,184,171
Pale Blush,14-1312,#E4BFB3,228,191,179
Rose Cloud,14-1313,#DBB0A2,219,176,162
Spanish Villa,14-1314,#DFBAA9,223,186,169
Maple Sugar,15-1316,#C9A38D,201,163,141
Tuscany,16-1219,#BE9785,190,151,133
Cork,16-1422,#BA8671,186,134,113
Bisque,13-1109,#EDCAB5,237,202,181
Almost Apricot,15-1319,#E5B39B,229,179,155
Pink Sand,15-1318,#DFB19B,223,177,155
Peach Nougat,14-1220,#E6AF91,230,175,145
Peach Bloom,15-1327,#D99B7C,217,155,124
Dusty Coral,15-1322,#D29B83,210,155,131
Cafe Creme,16-1220,#C79685,199,150,133
Sandstorm,16-1235,#BD8B69,189,139,105
Butterum,16-1341,#C68F65,198,143,101
Biscuit,16-1336,#B4835B,180,131,91
Cashew,17-1137,#A47149,164,113,73
Almond,16-1432,#A7754D,167,117,77
Lion,17-1330,#A0714F,160,113,79
Thrush,18-1030,#936B4F,147,107,79
Mocha Mousse,17-1230,#A47864,164,120,100
Pecan Brown,17-1430,#A36E51,163,110,81
Hazel,17-1143,#AE7250,174,114,80
Bran,17-1336,#A66E4A,166,110,74
Adobe,17-1340,#A3623B,163,98,59
Leather Brown,18-1142,#97572B,151,87,43
Glazed Ginger,18-1154,#91552B,145,85,43
Sandstone,16-1328,#C48A69,196,138,105
Caramel,16-1439,#C37C54,195,124,84
Amber Brown,17-1147,#A66646,166,102,70
Sierra,18-1239,#985C41,152,92,65
Ginger Bread,18-1244,#8C4A2F,140,74,47
Mocha Bisque,18-1140,#8C543A,140,84,58
Tortoise Shell,19-1241,#754734,117,71,52
Pheasant,16-1332,#C68463,198,132,99
Sunburn,16-1429,#B37256,179,114,86
Raw Sienna,17-1436,#B9714F,185,113,79
Autumn Leaf,17-1347,#B56A4C,181,106,76
Mecca Orange,18-1450,#BD5745,189,87,69
Rust,18-1248,#B55A30,181,90,48
Bombay Brown,18-1250,#9F5130,159,81,48
Frosted Almond,13-1012,#D2C2AC,210,194,172
Champagne Beige,14-1012,#B39F8D,179,159,141
Pale Gold,15-0927,#BD9865,189,152,101
Rich Gold,16-0836,#C8B273,200,178,115
Copper,16-1325,#C47E5A,196,126,90
Copper Coin,18-1537,#BA6B57,186,107,87
Silver,14-5002,#A2A2A1,162,162,161
Raw Umber,17-1422,#92705F,146,112,95
Brownie,18-1321,#8F7265,143,114,101
Acorn,18-1314,#7E5E52,126,94,82
Clove,18-1320,#876155,135,97,85
Carob Brown,18-1229,#855C4C,133,92,76
Russet,18-1235,#8F5F50,143,95,80
Rawhide,18-1137,#865E49,134,94,73
Chutney,18-1433,#98594B,152,89,75
Baked Clay,18-1441,#9C5642,156,86,66
Copper Brown,18-1336,#9A6051,154,96,81
Brown Patina,18-1242,#834F3D,131,79,61
Rustic Brown,18-1238,#855141,133,81,65
Coconut Shell,18-1230,#874E3C,135,78,60
Sequoia,19-1333,#804839,128,72,57
Root Beer,19-1228,#714A41,113,74,65
Brunette,19-1235,#664238,102,66,56
Sable,19-1320,#6E403C,110,64,60
Cinnamon,19-1436,#6B4139,107,65,57
Fudgesickle,19-1431,#63403A,99,64,58
Mink,19-1430,#734B42,115,75,66
Cappuccino,19-1220,#633F33,99,63,51
Cognac,18-1421,#8B645A,139,100,90
Nutmeg,18-1326,#7E5C54,126,92,84
French Roast,19-1012,#58423F,88,66,63
Deep Mahogany,19-1420,#553B39,85,59,57
Rum Raisin,19-1321,#583432,88,52,50
Brown Stone,19-1322,#593C39,89,60,57
Bitter Chocolate,19-1317,#503130,80,49,48
Mahogany,18-1425,#824D46,130,77,70
Henna,19-1334,#7C423C,124,66,60
Arabian Spice,19-1245,#884332,136,67,50
Hot Chocolate,19-1325,#683B39,104,59,57
Russet Brown,19-1338,#743332,116,51,50
Madder Brown,19-1331,#6A3331,106,51,49
Andorra,19-1327,#603535,96,53,53
Afterglow,11-0510,#F3E6C9,243,230,201
Transparent Yellow,11-0617,#F4ECC2,244,236,194
Double Cream,12-0715,#F3E0AC,243,224,172
Sunlight,13-0822,#EDD59E,237,213,158
Straw,13-0922,#E0C992,224,201,146
Jojoba,14-0935,#DABE81,218,190,129
Rattan,14-1031,#D1B272,209,178,114
Boulder,14-1110,#D1BE9B,209,190,155
Sea Mist,13-0715,#D8C9A3,216,201,163
Reed Yellow,13-0915,#DCC99E,220,201,158
Chino Green,13-0613,#D9CAA5,217,202,165
Parsnip,14-0925,#D6C69A,214,198,154
Dusty Yellow,12-0619,#D4CC9A,212,204,154
Silver Fern,15-0719,#BBAA7E,187,170,126
Lemon Grass,12-0626,#DCD494,220,212,148
Raffia,13-0725,#DAC483,218,196,131
Golden Mist,13-0624,#D5CD94,213,205,148
Pampas,14-0826,#CFBB7B,207,187,123
Bamboo,14-0740,#D2B04C,210,176,76
Cress Green,15-0643,#BCA949,188,169,73
Olive Oil,16-0847,#A98B2D,169,139,45
Dried Moss,14-0626,#CCB97E,204,185,126
Celery,14-0647,#CEC153,206,193,83
Acacia,13-0640,#DACD65,218,205,101
Sulphur,14-0755,#DDB614,221,182,20
Oil Yellow,15-0743,#C4A647,196,166,71
Green Sulphur,16-0742,#AE8E2C,174,142,44
Golden Palm,17-0839,#AA8805,170,136,5
Cocoon,14-1025,#C9B27C,201,178,124
Hemp,14-0721,#C0AD7C,192,173,124
Southern Moss,15-0730,#BCA66A,188,166,106
Olivenite,15-0732,#C1A65C,193,166,92
Golden Green,15-0636,#BDB369,189,179,105
Antique Gold,16-0730,#B59E5F,181,158,95
Burnished Gold,16-0737,#AA9855,170,152,85
French Vanilla,12-0722,#EFE1A7,239,225,167
Pastel Yellow,11-0616,#F2E6B1,242,230,177
Tender Yellow,11-0710,#EDEDB7,237,237,183
Wax Yellow,11-0618,#EDE9AD,237,233,173
Lemonade,12-0721,#F0E79D,240,231,157
Elfin Yellow,11-0620,#EEEA97,238,234,151
Limelight,12-0740,#F0E87D,240,232,125
Dusky Citron,14-0827,#E3CC81,227,204,129
Muted Lime,14-0636,#D1C87C,209,200,124
Endive,13-0632,#D2CC81,210,204,129
Custard,13-0720,#E5D68E,229,214,142
Canary Yellow,12-0633,#DFD87E,223,216,126
Yellow Cream,12-0738,#EFDC75,239,220,117
Cream Gold,13-0739,#DEC05F,222,192,95
Aurora,12-0642,#EDDD59,237,221,89
Green Sheen,13-0648,#D9CE52,217,206,82
Maize,13-0746,#EEC843,238,200,67
Blazing Yellow,12-0643,#FEE715,254,231,21
Buttercup,12-0752,#FAE03C,250,224,60
Empire Yellow,14-0756,#F7D000,247,208,0
Lemon,13-0752,#F3BF08,243,191,8
Mimosa,14-0848,#F0C05A,240,192,90
Aspen Gold,13-0850,#FFD662,255,214,98
Dandelion,13-0758,#FFD02E,255,208,46
Vibrant Yellow,13-0858,#FFDA29,255,218,41
Cyber Yellow,14-0760,#FFD400,255,212,0
Freesia,14-0852,#F3C12C,243,193,44
Lemon Chrome,13-0859,#FFC300,255,195,0
Mellow Yellow,12-0720,#F0DD9D,240,221,157
Pale Banana,12-0824,#FAE199,250,225,153
Popcorn,12-0825,#F8DE8D,248,222,141
Sunshine,12-0727,#FADE85,250,222,133
Lemon Drop,12-0736,#FDD878,253,216,120
Primrose Yellow,13-0755,#F6D155,246,209,85
Super Lemon,14-0754,#E4BF45,228,191,69
Misted Yellow,14-0837,#DAB965,218,185,101
Sauterne,15-0942,#C5A253,197,162,83
Honey,16-0946,#BA9238,186,146,56
Arrowwood,16-0954,#BC8D1F,188,141,31
Tawny Olive,16-0953,#C4962C,196,150,44
Ceylon Yellow,15-0850,#D4AE40,212,174,64
Lemon Curry,15-0751,#CDA323,205,163,35
Fall Leaf,15-1132,#C9A86A,201,168,106
Antelope,16-1126,#B19664,177,150,100
Mustard Gold,16-1133,#B08E51,176,142,81
Harvest Gold,16-0948,#B68A3A,182,138,58
Nugget Gold,16-0952,#C89720,200,151,32
Chinese Yellow,15-0948,#C6973F,198,151,63
Golden Yellow,15-0953,#CB8E16,203,142,22
Ochre,14-1036,#D6AF66,214,175,102
Tinsel,16-0945,#C3964D,195,150,77
Bright Gold,16-0947,#CF9F52,207,159,82
Honey Gold,15-1142,#D1A054,209,160,84
Amber Gold,16-1139,#C19552,193,149,82
Mineral Yellow,15-1046,#D39C43,211,156,67
Narcissus,16-0950,#C39449,195,148,73
Marzipan,14-1113,#D8C09D,216,192,157
Curry,16-0928,#BE9E6F,190,158,111
Prairie Sand,16-1326,#B59A6A,181,154,106
Honey Mustard,17-1047,#B68F52,182,143,82
Wood Thrush,17-1129,#A47D43,164,125,67
Golden Brown,18-0940,#91672F,145,103,47
Bronze Brown,18-0937,#825E2F,130,94,47
Apple Cinnamon,17-1045,#B0885A,176,136,90
Bone Brown,17-1128,#9D7446,157,116,70
Dijon,17-1125,#97754C,151,117,76
Bistre,17-1036,#98754A,152,117,74
Medal Bronze,17-0942,#977547,151,117,71
Cumin,18-0939,#927240,146,114,64
Breen,19-1034,#795D34,121,93,52
Snapdragon,13-0840,#FED777,254,215,119
Banana Cream,13-0941,#FFCF73,255,207,115
Daffodil,14-0850,#FDC04E,253,192,78
Yolk Yellow,14-0846,#E2B051,226,176,81
Golden Rod,14-0951,#E2A829,226,168,41
Old Gold,15-0955,#ECA825,236,168,37
Spectra Yellow,14-0957,#F7B718,247,183,24
Golden Haze,12-0826,#FBD897,251,216,151
Sahara Sun,14-0936,#DFC08A,223,192,138
New Wheat,14-1038,#D7B57F,215,181,127
Cornsilk,13-0932,#EDC373,237,195,115
Buff Yellow,14-0847,#F1BF70,241,191,112
Sunset Gold,13-0940,#F7C46C,247,196,108
Golden Cream,13-0939,#F7B768,247,183,104
Impala,13-1025,#F8CE97,248,206,151
Flax,13-0935,#FFC87D,255,200,125
Pale Marigold,13-0945,#FFC66E,255,198,110
Amber Yellow,13-0942,#FAB75A,250,183,90
Amber,14-1045,#EFAD55,239,173,85
Golden Apricot,14-1041,#DDA758,221,167,88
Beeswax,14-0941,#EBA851,235,168,81
Banana,13-0947,#FCB953,252,185,83
Citrus,14-0955,#F9AC2F,249,172,47
Golden Glow,15-1050,#D99938,217,153,56
Artisans Gold,15-1049,#F2AB46,242,171,70
Sunflower,16-1054,#D39237,211,146,55
Buckthorn Brown,18-0935,#A76F1F,167,111,31
Cathay Spice,18-0950,#99642C,153,100,44
Taffy,16-0940,#C39B6A,195,155,106
Oak Buff,16-1144,#CF9C63,207,156,99
Honey Yellow,16-1143,#CA9456,202,148,86
Spruce Yellow,17-1040,#BE8A4A,190,138,74
Inca Gold,17-1048,#BB7A2C,187,122,44
Sudan Brown,18-1160,#AC6B29,172,107,41
Rubber,18-0933,#815B37,129,91,55
Wheat,13-1016,#DEC5A5,222,197,165
Honey Peach,13-1015,#DCBD9E,220,189,158
Desert Dust,13-1018,#E3BC8E,227,188,142
Golden Straw,12-0921,#E6BD8F,230,189,143
Buff,13-1024,#EBC396,235,195,150
Desert Mist,14-1127,#E0B589,224,181,137
Clay,15-1231,#D2A172,210,161,114
Golden Fleece,12-0822,#F2D1A0,242,209,160
Apricot Sherbet,13-1031,#FACD9E,250,205,158
Sunburst,13-1030,#F6C289,246,194,137
Apricot Cream,13-1027,#F1BD89,241,189,137
Buff Orange,14-1128,#FFBB7C,255,187,124
Chamois,15-1145,#F7B26A,247,178,106
Warm Apricot,14-1051,#FFB865,255,184,101
Marigold,14-1050,#FADC53,250,220,83
Golden Nugget,16-1142,#DB9B59,219,155,89
Butterscotch,15-1147,#E19640,225,150,64
Nugget,16-1148,#CF8848,207,136,72
Buckskin,16-1342,#D18E54,209,142,84
Yam,16-1140,#D0893F,208,137,63
Golden Oak,17-1046,#BE752D,190,117,45
Gold Fusion,15-1062,#FFB000,255,176,0
Saffron,14-1064,#FFA500,255,165,0
Cadmium Yellow,15-1054,#EE9626,238,150,38
Zinnia,14-1159,#FFA010,255,160,16
Radiant Yellow,15-1058,#FC9E21,252,158,33
Apricot,15-1153,#F19035,241,144,53
Dark Cheddar,15-1150,#E08119,224,129,25
Apricot Ice,13-1020,#FBBE99,251,190,153
Apricot Nectar,14-1133,#ECAA79,236,170,121
Gold Earth,15-1234,#DD9C6B,221,156,107
Apricot Tan,15-1237,#DD9760,221,151,96
Topaz,16-1150,#D08344,208,131,68
Golden Ochre,16-1346,#C77943,199,121,67
Apricot Buff,16-1443,#CD7E4D,205,126,77
Peach Cobbler,14-1231,#FFB181,255,177,129
Salmon Buff,14-1135,#FEAA7B,254,170,123
Pumpkin,14-1139,#F5A26F,245,162,111
Mock Orange,15-1245,#FFA368,255,163,104
Muskmelon,15-1242,#EC935E,236,147,94
Copper Tan,16-1338,#DE8E65,222,142,101
Coral Gold,16-1337,#D27D56,210,125,86
Russet Orange,16-1255,#E47127,228,113,39
Orange Ochre,16-1253,#DC793A,220,121,58
Amberglow,16-1350,#DC793E,220,121,62
Jaffa Orange,16-1454,#D86D39,216,109,57
Apricot Orange,17-1353,#C86B3C,200,107,60
Burnt Orange,16-1448,#C86733,200,103,51
Harvest Pumpkin,16-1260,#D56231,213,98,49
Blazing Orange,15-1160,#FFA64F,255,166,79
Flame Orange,15-1157,#FB8B23,251,139,35
Bright Marigold,15-1164,#FF8D00,255,141,0
Autumn Glory,15-1263,#FF8812,255,136,18
Sun Orange,16-1257,#F48037,244,128,55
Persimmon Orange,16-1356,#F47327,244,115,39
Orange Popsicle,17-1350,#FF7913,255,121,19
Autumn Sunset,16-1343,#F38554,243,133,84
Tangerine,15-1247,#F88F58,248,143,88
Bird Of Paradise,16-1357,#FF8C55,255,140,85
Orange Peel,16-1359,#FA7A35,250,122,53
Mandarin Orange,16-1459,#EC6A37,236,106,55
Golden Poppy,16-1462,#F56733,245,103,51
Vibrant Orange,16-1364,#FF7420,255,116,32
Nectarine,16-1360,#FF8656,255,134,86
Coral Rose,16-1349,#F3774D,243,119,77
Carrot,16-1361,#FD6F3B,253,111,59
Firecracker,16-1452,#F36944,243,105,68
Red Orange,17-1464,#F05627,240,86,39
Vermillion Orange,16-1362,#F9633B,249,99,59
Flame,17-1462,#F2552C,242,85,44
Creampuff,13-1026,#FFCDA8,255,205,168
Bleached Apricot,12-0917,#FCCAAC,252,202,172
Almond Cream,13-1017,#F4C29F,244,194,159
Beach Sand,14-1225,#FBB995,251,185,149
Cream Blush,13-1019,#F8C19A,248,193,154
Caramel Cream,13-1022,#F4BA94,244,186,148
Peach Fuzz,13-1023,#FFBE98,255,190,152
Prairie Sunset,13-1021,#FFBB9E,255,187,158
Coral Sands,14-1224,#EDAA86,237,170,134
Apricot Wash,14-1230,#FBAC82,251,172,130
Canyon Sunset,15-1333,#E1927A,225,146,122
Brandied Melon,16-1340,#CE7B5B,206,123,91
Carnelian,16-1435,#CE785D,206,120,93
Mango,17-1446,#B75E41,183,94,65
Peach,14-1227,#F2A987,242,169,135
Canteloupe,15-1239,#FFA177,255,161,119
Coral Reef,15-1331,#FAA181,250,161,129
Shell Coral,15-1334,#EA9575,234,149,117
Cadmium Orange,15-1340,#F99471,249,148,113
Melon,16-1442,#FE8863,254,136,99
Dusty Orange,16-1344,#E27A53,226,122,83
Arabesque,16-1441,#D16F52,209,111,82
Langoustino,16-1440,#CA6C56,202,108,86
Ginger,17-1444,#C96551,201,101,81
Flamingo,16-1450,#DF7253,223,114,83
Orange Rust,18-1447,#C25A3C,194,90,60
Burnt Ochre,18-1354,#BB4F35,187,79,53
Chili,18-1448,#BE5141,190,81,65
Ginger Spice,18-1535,#B65D48,182,93,72
Autumn Glaze,18-1451,#B3573F,179,87,63
Auburn,18-1343,#A15843,161,88,67
Picante,19-1250,#8D3F2D,141,63,45
Tandori Spice,18-1444,#9F4440,159,68,64
Cinnabar,18-1540,#9C453B,156,69,59
Bossa Nova,18-1547,#973A36,151,58,54
Tropical Peach,13-1318,#FFC4B2,255,196,178
Peach Parfait,14-1219,#F8BFA8,248,191,168
Coral Pink,14-1318,#E8A798,232,167,152
Dusty Pink,14-1316,#DEAA9B,222,170,155
Muted Clay,16-1330,#D29380,210,147,128
Shrimp,15-1523,#E29A86,226,154,134
Tawny Orange,17-1341,#D37F6F,211,127,111
Coral Haze,16-1329,#E38E84,227,142,132
Canyon Clay,16-1431,#CE8477,206,132,119
Terra Cotta,16-1526,#D38377,211,131,119
Desert Sand,17-1524,#BD7B74,189,123,116
Light Mahogany,18-1436,#AD6D68,173,109,104
Cedar Wood,17-1525,#A1655B,161,101,91
Withered Rose,18-1435,#A26666,162,102,102
Rose Dawn,16-1522,#C2877B,194,135,123
Ash Rose,17-1514,#B5817D,181,129,125
Old Rose,17-1518,#B47B77,180,123,119
Brick Dust,17-1424,#B07069,176,112,105
Canyon Rose,17-1520,#AF6C67,175,108,103
Dusty Cedar,18-1630,#AD5D5D,173,93,93
Marsala,18-1438,#964F4C,150,79,76
Apricot Brandy,17-1540,#C26A5A,194,106,90
Aragon,17-1532,#B06455,176,100,85
Hot Sauce,18-1536,#AB4F41,171,79,65
Bruschetta,18-1346,#A75949,167,89,73
Etruscan Red,18-1434,#A2574B,162,87,75
Redwood,18-1443,#A6594C,166,89,76
Burnt Brick,18-1350,#A14D3A,161,77,58
Faded Rose,18-1629,#BF6464,191,100,100
Baked Apple,18-1648,#B34646,179,70,70
Pompeian Red,18-1658,#A4292E,164,41,46
Ketchup,18-1449,#9A382D,154,56,45
Red Ochre,18-1442,#913832,145,56,50
Barn Red,18-1531,#8F423B,143,66,59
Burnt Henna,19-1540,#7E392F,126,57,47
Peach Pearl,14-1419,#FFB2A5,255,178,165
Peach Melba,14-1418,#FBBDAF,251,189,175
Apricot Blush,14-1420,#FEAEA5,254,174,165
Peach Bud,14-1324,#FDB2AB,253,178,171
Coral Almond,16-1434,#E29D94,226,157,148
Lobster Bisque,16-1520,#DD9289,221,146,137
Lantana,16-1624,#DA7E7A,218,126,122
Peach Nectar,14-1228,#FFB59B,255,181,155
Salmon,14-1323,#FAAA94,250,170,148
Peach Amber,15-1423,#FB9F93,251,159,147
Desert Flower,15-1435,#FF9687,255,150,135
Peach Pink,15-1530,#FA9A85,250,154,133
Burnt Coral,16-1529,#E9897E,233,137,126
Crabapple,16-1532,#D77E70,215,126,112
Papaya Punch,15-1433,#FCA289,252,162,137
Fusion Coral,16-1543,#FF8576,255,133,118
Fresh Salmon,16-1542,#FF7F6A,255,127,106
Persimmon,16-1544,#F67866,246,120,102
Coral,16-1539,#ED7464,237,116,100
Living Coral,16-1546,#FF6F61,255,111,97
Hot Coral,17-1656,#F35B53,243,91,83
Shell Pink,16-1632,#F88180,248,129,128
Georgia Peach,16-1641,#F97272,249,114,114
Sugar Coral,16-1640,#F56C73,245,108,115
Dubarry,17-1647,#F25F66,242,95,102
Porcelain Rose,17-1643,#EA6B6A,234,107,106
Spiced Coral,17-1644,#D75C5D,215,92,93
Deep Sea Coral,18-1649,#D9615B,217,97,91
Rose Of Sharon,17-1635,#DC5B62,220,91,98
Cayenne,18-1651,#E04951,224,73,81
Hibiscus,18-1762,#DD3848,221,56,72
Poinsettia,17-1654,#CB3441,203,52,65
Chrysanthemum,17-1641,#BE454F,190,69,79
Cranberry,17-1545,#BB4A4D,187,74,77
Cardinal,18-1643,#AD3E48,173,62,72
Tigerlily,17-1456,#E2583E,226,88,62
Grenadine,17-1558,#DF3F32,223,63,50
Mandarin Red,17-1562,#E74A33,231,74,51
Fiesta,17-1564,#DD4132,221,65,50
Cherry Tomato,17-1563,#EB3C27,235,60,39
Orange Com,18-1561,#DA321C,218,50,28
Spicy Orange,18-1445,#D73C26,215,60,38
Camellia,16-1541,#F6745F,246,116,95
Nasturtium,16-1451,#FE6347,254,99,71
Emberglow,17-1547,#EA6759,234,103,89
Burnt Sienna,17-1544,#C65D52,198,93,82
Paprika,17-1553,#CE4D42,206,77,66
Red Clay,18-1454,#C2452D,194,69,45
Molten Lava,18-1555,#B5332E,181,51,46
Bittersweet,17-1663,#D93744,217,55,68
Poppy Red,17-1664,#DC343B,220,52,59
Tomato,18-1660,#CE2939,206,41,57
Fiery Red,18-1664,#D01C1F,208,28,31
Flame Scarlet,18-1662,#CD212A,205,33,42
High Risk Red,18-1763,#C71F2D,199,31,45
Aurora Red,18-1550,#B93A32,185,58,50
Rococco Red,18-1652,#BB363F,187,54,63
Tomato Puree,18-1661,#C53346,197,51,70
Lollipop,18-1764,#CC1C3B,204,28,59
Ski Patrol,18-1761,#BB1237,187,18,55
Scarlet,19-1760,#BC2B3D,188,43,61
Lipstick Red,19-1764,#B31A38,179,26,56
Crimson,19-1762,#AE0E36,174,14,54
Formula One,19-1763,#BD162C,189,22,44
Mars Red,18-1655,#BC2731,188,39,49
Tango Red,19-1761,#AC0E2E,172,14,46
Chinese Red,18-1663,#BE132D,190,19,45
Ribbon Red,19-1663,#B92636,185,38,54
True Red,19-1664,#BF1932,191,25,50
Chili Pepper,19-1557,#9B1B30,155,27,48
Quartz Pink,14-1714,#EFA6AA,239,166,170
Pink Icing,15-1717,#EEA0A6,238,160,166
Blossom,14-1513,#F2B2AE,242,178,174
Peaches N Cream,14-1521,#F4A6A3,244,166,163
Candlelight Peach,15-1621,#F8A39D,248,163,157
Strawberry Ice,16-1720,#E78B90,231,139,144
Peach Blossom,16-1626,#DE8286,222,130,134
Flamingo Pink,15-1821,#F7969E,247,150,158
Confetti,16-1723,#E6798E,230,121,142
Bubblegum,17-1928,#EA738D,234,115,141
Pink Lemonade,16-1735,#EE6D8A,238,109,138
Camellia Rose,17-1930,#EB6081,235,96,129
Rapture Rose,17-1929,#D16277,209,98,119
Desert Rose,17-1927,#CF6977,207,105,119
Geranium Pink,15-1922,#F6909D,246,144,157
Conch Shell,15-1624,#FC8F9B,252,143,155
Salmon Rose,15-1626,#FF8D94,255,141,148
Strawberry Pink,16-1731,#F57F8E,245,127,142
Sunkist Coral,17-1736,#EA6676,234,102,118
Calypso Coral,17-1744,#EE5C6C,238,92,108
Tea Rose,16-1620,#DC7178,220,113,120
Geranium,17-1753,#DA3D58,218,61,88
Paradise Pink,17-1755,#E4445E,228,68,94
Teaberry,18-1756,#DC3855,220,56,85
Rouge Red,18-1755,#E24666,226,70,102
Raspberry,18-1754,#D32E5E,211,46,94
Azalea,17-1842,#D42E5B,212,46,91
Virtual Pink,18-1856,#C6174E,198,23,78
Claret Red,17-1740,#C84C61,200,76,97
Raspberry Wine,18-1741,#B63753,182,55,83
Rose Red,18-1852,#C92351,201,35,81
Barberry,18-1760,#BF1945,191,25,69
Bright Rose,18-1945,#C51959,197,25,89
Persian Red,19-1860,#A21441,162,20,65
Cerise,19-1955,#A41247,164,18,71
Pink Lady,13-2806,#EFC1D6,239,193,214
Lilac Sachet,14-2710,#E9ADCA,233,173,202
Prism Pink,14-2311,#F0A1BF,240,161,191
Begonia Pink,15-2215,#EC9ABE,236,154,190
Fuchsia Pink,15-2718,#DF88B7,223,136,183
Rosebloom,15-2214,#E290B2,226,144,178
Ibis Rose,17-2520,#CA628F,202,98,143
Sachet Pink,15-2216,#F18AAD,241,138,173
Wild Orchid,16-2120,#D979A2,217,121,162
Aurora Pink,15-2217,#E881A6,232,129,166
Chateau Rose,17-2120,#D2738F,210,115,143
Morning Glory,15-1920,#EE819F,238,129,159
Azalea Pink,16-2126,#E96A97,233,106,151
Shocking Pink,17-2127,#DE5B8C,222,91,140
Hot Pink,17-1937,#E55982,229,89,130
Fandango Pink,17-2033,#E04F80,224,79,128
Honeysuckle,18-2120,#D94F70,217,79,112
Raspberry Sorbet,18-2043,#D2386C,210,56,108
Carmine,17-1831,#BC4869,188,72,105
Fuchsia Rose,17-2031,#C74375,199,67,117
Beetroot Purple,18-2143,#CF2D71,207,45,113
Pink Carnation,16-2124,#ED7A9E,237,122,158
Carmine Rose,17-2230,#E35B8F,227,91,143
Magenta,17-2036,#D23C77,210,60,119
Pink Flambe,18-2133,#D3507A,211,80,122
Fuchsia Purple,18-2436,#D33479,211,52,121
Lilac Rose,17-2227,#BD4275,189,66,117
Very Berry,18-2336,#B73275,183,50,117
Super Pink,17-2625,#CE6BA4,206,107,164
Phlox Pink,17-2627,#CE5E9A,206,94,154
Raspberry Rose,18-2333,#CC4385,204,67,133
Rose Violet,17-2624,#C0428A,192,66,138
Fuchsia Red,18-2328,#AB3475,171,52,117
Cactus Flower,18-2326,#A83E6C,168,62,108
Magenta Haze,18-2525,#9D446E,157,68,110
Shrinking Violet,11-2511,#F4E1E6,244,225,230
Primrose Pink,12-2904,#EED4D9,238,212,217
Silver Pink,14-1508,#DCB1AF,220,177,175
Powder Pink,14-1511,#ECB2B3,236,178,179
Mauveglow,16-1617,#D18489,209,132,137
Brandied Apricot,16-1610,#CA848A,202,132,138
Dusty Rose,17-1718,#BA797D,186,121,125
Mauve Morn,12-2102,#ECD6D6,236,214,214
Mauve Chalk,12-2902,#E5D0CF,229,208,207
Pearl,12-1304,#F9DBD8,249,219,216
Bridal Rose,15-1611,#D69FA2,214,159,162
Blush,15-1614,#D1969A,209,150,154
Baroque Rose,18-1634,#B35A66,179,90,102
Slate Rose,18-1635,#B45865,180,88,101
Mineral Red,17-1537,#B35457,179,84,87
Garnet Rose,18-1633,#AC4B55,172,75,85
Holly Berry,17-1633,#B44E5D,180,78,93
American Beauty,19-1759,#A73340,167,51,64
Jester Red,19-1862,#9E1030,158,16,48
Rio Red,19-1656,#8A2232,138,34,50
Rumba Red,19-1940,#7C2439,124,36,57
Earth Red,18-1631,#95424E,149,66,78
Deep Claret,19-1840,#973443,151,52,67
Garnet,19-1655,#953640,149,54,64
Brick Red,19-1543,#8C373E,140,55,62
Rosewood,19-1532,#813639,129,54,57
Tibetan Red,19-1934,#782A39,120,42,57
Biking Red,19-1650,#77212E,119,33,46
Apple Butter,18-1426,#844B4D,132,75,77
Oxblood Red,19-1524,#70393F,112,57,63
Cowhide,19-1533,#884344,136,67,68
Burnt Russet,19-1530,#7E3940,126,57,64
Ruby Wine,19-1629,#77333B,119,51,59
Cordovan,19-1726,#702F3B,112,47,59
Tawny Port,19-1725,#5C2C35,92,44,53
Creole Pink,13-1407,#F7D5CC,247,213,204
Peach Blush,13-1504,#E4CCC6,228,204,198
Cloud Pink,13-1406,#F5D1C8,245,209,200
Veiled Rose,12-1212,#F8CDC9,248,205,201
Pearl Blush,12-1207,#F4CEC5,244,206,197
English Rose,13-1310,#F4C6C3,244,198,195
Lotus,14-1905,#E2C1C0,226,193,192
Rosewater,11-1408,#F6DBD8,246,219,216
Peach Whip,14-1309,#DBBEB7,219,190,183
Rose Smoke,14-1506,#D3B4AD,211,180,173
Coral Cloud,15-1415,#E2A9A1,226,169,161
Misty Rose,15-1512,#CAA39A,202,163,154
Peach Beige,15-1516,#D3A297,211,162,151
Cameo Brown,16-1516,#C08A80,192,138,128
Seashell Pink,13-1409,#F7C8C2,247,200,194
Chintz Rose,13-1408,#EEC4BE,238,196,190
Impatiens Pink,13-1510,#FFC4BC,255,196,188
Peachskin,14-1907,#DFB8B6,223,184,182
Mellow Rose,15-1515,#D9A6A1,217,166,161
Rose Tan,16-1511,#D19C97,209,156,151
Rosette,16-1518,#CE8E8B,206,142,139
Mauvewood,17-1522,#A75D67,167,93,103
Rose Wine,17-1623,#A4596D,164,89,109
Malaga,17-1723,#9F5069,159,80,105
Dry Rose,18-1725,#8C4759,140,71,89
Hawthorn Rose,18-1718,#884C5E,136,76,94
Maroon,18-1619,#834655,131,70,85
Wild Ginger,18-1420,#7C4C53,124,76,83
Sangria,19-2047,#982551,152,37,81
Red Bud,19-1850,#962D49,150,45,73
Beaujolais,18-2027,#80304C,128,48,76
Anemone,19-2033,#842C48,132,44,72
Beet Red,19-2030,#7A1F3D,122,31,61
Red Plum,19-2025,#7C2946,124,41,70
Rhododendron,19-2024,#722B3F,114,43,63
Barely Pink,12-2906,#F8D7DD,248,215,221
Blushing Bride,12-1310,#FBD3D9,251,211,217
Cradle Pink,12-2905,#EDD0DD,237,208,221
Pale Lilac,13-2803,#E1C6CC,225,198,204
Chalk Pink,13-1904,#E6C5CA,230,197,202
Light Lilac,12-2903,#DEC6D3,222,198,211
Pink Nectar,14-2305,#D8AAB7,216,170,183
Heavenly Pink,12-1305,#F4DEDE,244,222,222
Potpourri,13-2004,#E7C9CA,231,201,202
Crystal Pink,12-1605,#EDD0CE,237,208,206
Pink Dogwood,12-1706,#F7D1D1,247,209,209
Crystal Rose,12-1708,#FDC3C6,253,195,198
Strawberry Cream,13-2005,#F4C3C4,244,195,196
Gossamer Pink,13-1513,#FAC8C3,250,200,195
Rose Shadow,13-1906,#F9C2CD,249,194,205
Orchid Pink,13-2010,#F3BBCA,243,187,202
Almond Blossom,13-2006,#F5BEC7,245,190,199
Coral Blush,14-1909,#E6B2B8,230,178,184
Candy Pink,14-1911,#F5B0BD,245,176,189
Peony,15-1816,#ED9CA8,237,156,168
Sea Pink,15-1912,#DE98AB,222,152,171
Cashmere Rose,16-2215,#CE879F,206,135,159
Wild Rose,16-1715,#CE8498,206,132,152
Orchid Smoke,15-2210,#D294AA,210,148,170
Polignac,16-1712,#C28799,194,135,153
Lilas,16-1708,#B88995,184,137,149
Mauve Orchid,16-2111,#B58299,181,130,153
Orchid Haze,16-2107,#B0879B,176,135,155
Parfait Pink,13-2804,#E9C3CF,233,195,207
Pink Mist,13-2805,#E6BCCD,230,188,205
Cameo Pink,14-2307,#DBA9B8,219,169,184
Sweet Lilac,14-2808,#E8B5CE,232,181,206
Pink Lavender,14-3207,#D9AFCA,217,175,202
Pastel Lavender,14-3209,#D8A1C4,216,161,196
Orchid,15-3214,#D198C5,209,152,197
Lilac Chiffon,15-2913,#DE9BC4,222,155,196
Moonlite Mauve,16-2614,#D28FB0,210,143,176
Cyclamen,16-3118,#D687BA,214,135,186
Opera Mauve,16-3116,#CA80B1,202,128,177
Crocus,16-3115,#C67FAE,198,127,174
Mulberry,17-3014,#A76C97,167,108,151
Striking Purple,18-3025,#944E87,148,78,135
Violet,16-3320,#C17FB5,193,127,181
Iris Orchid,17-3323,#A767A2,167,103,162
Radiant Orchid,18-3224,#AD5E99,173,94,153
Spring Crocus,17-3020,#BA69A1,186,105,161
Meadow Mauve,18-3230,#A9568C,169,86,140
Amethyst,18-3015,#864D75,134,77,117
Magenta Purple,19-2428,#6B264B,107,38,75
Rosebud,17-3023,#B65F9A,182,95,154
Purple Orchid,18-3027,#AD4D8C,173,77,140
Festival Fuchsia,19-2434,#9E2C6A,158,44,106
Baton Rouge,18-2527,#973C6C,151,60,108
Boysenberry,19-2431,#85325C,133,50,92
Raspberry Radiance,19-2432,#802A50,128,42,80
Purple Potion,19-2430,#692746,105,39,70
Dahlia Mauve,17-2617,#A64F82,166,79,130
Vivid Viola,18-3339,#993C7C,153,60,124
Wild Aster,19-2630,#92316F,146,49,111
Deep Orchid,18-3022,#903F75,144,63,117
Clover,18-2320,#8A3371,138,51,113
Purple Wine,18-2929,#8C3573,140,53,115
Hollyhock,19-2924,#823270,130,50,112
Hyacinth Violet,18-3331,#8D4687,141,70,135
Dahlia,18-3324,#843E83,132,62,131
Sparkling Grape,19-3336,#773376,119,51,118
Byzantium,19-3138,#853B7B,133,59,123
Phlox,19-2820,#692D5D,105,45,93
Grape Juice,19-3230,#682961,104,41,97
Gloxinia,19-3022,#622E5A,98,46,90
Crystal Gray,13-3801,#D7CBC4,215,203,196
Mushroom,14-1305,#BDACA3,189,172,163
Shadow Gray,16-1509,#BBA5A0,187,165,160
Sphinx,16-1703,#AB9895,171,152,149
Bark,16-1506,#A99592,169,149,146
Fawn,16-1510,#AE9490,174,148,144
Adobe Rose,16-1508,#BA9F99,186,159,153
Pale Mauve,15-1607,#C6A4A4,198,164,164
Woodrose,16-1806,#AE8C8E,174,140,142
Deauville Mauve,16-1707,#AF9294,175,146,148
Twilight Mauve,18-1807,#8B6F70,139,111,112
Rose Taupe,18-1612,#806062,128,96,98
Rose Brown,18-1512,#80565B,128,86,91
Roan Rouge,18-1616,#885157,136,81,87
Antler,17-1510,#957A76,149,122,118
Peppercorn,18-1409,#6C5656,108,86,86
Raisin,19-1606,#524144,82,65,68
Huckleberry,19-1620,#5B4349,91,67,73
Catawba Grape,19-1621,#5D3C43,93,60,67
Puce,19-1518,#503938,80,57,56
Fudge,19-1619,#493338,73,51,56
Mahogany Rose,15-1511,#C5A193,197,161,147
Burlwood,17-1516,#9B716B,155,113,107
Marron,18-1415,#6E4C4B,110,76,75
Decadent Chocolate,19-1625,#513235,81,50,53
Red Mahogany,19-1521,#60373D,96,55,61
Vineyard Wine,19-1623,#58363D,88,54,61
Winetasting,19-2118,#492A34,73,42,52
Port,19-1525,#663336,102,51,54
Chocolate Truffle,19-1526,#612E35,97,46,53
Burgundy,19-1617,#64313E,100,49,62
Zinfandel,19-1522,#5C2935,92,41,53
Windsor Wine,19-1528,#582B36,88,43,54
Port Royale,19-1627,#502B33,80,43,51
Fig,19-1718,#532D3B,83,45,59
Violet Ice,15-2706,#C2ACB1,194,172,177
Burnished Lilac,15-1905,#C5AEB1,197,174,177
Keepsake Lilac,15-2705,#C0A5AE,192,165,174
Mauve Shadows,16-3205,#B598A3,181,152,163
Dawn Pink,15-2205,#BFA3AF,191,163,175
Fragrant Lilac,14-3204,#CEADBE,206,173,190
Mauve Mist,15-3207,#C49BD4,196,155,212
Heather Rose,17-1608,#AD6D7F,173,109,127
Red Violet,17-1818,#A35776,163,87,118
Mellow Mauve,17-1612,#996378,153,99,120
Bordeaux,17-1710,#96637B,150,99,123
Violet Quartz,18-1720,#8B4963,139,73,99
Damson,18-1716,#854C65,133,76,101
Amaranth,19-2410,#6F3C56,111,60,86
Zephyr,15-1906,#C89FA5,200,159,165
Dusky Orchid,17-1610,#9A7182,154,113,130
Grape Shake,18-2109,#886971,136,105,113
Wistful Mauve,17-1511,#946C74,148,108,116
Tulipwood,18-1709,#805466,128,84,102
Grape Nectar,18-1710,#8D5C74,141,92,116
Argyle Purple,18-3011,#895C79,137,92,121
Nostalgia Rose,17-1512,#A4777E,164,119,126
Deco Rose,17-1614,#985F68,152,95,104
Renaissance Rose,18-1613,#865560,134,85,96
Nocturne,18-1614,#7A4B56,122,75,86
Crushed Berry,18-1418,#804F5A,128,79,90
Crushed Violets,19-2312,#643A4C,100,58,76
Mauve Wine,19-1716,#5B3644,91,54,68
Plum Wine,18-1411,#674550,103,69,80
Eggplant,19-2311,#613F4C,97,63,76
Prune,19-2014,#603749,96,55,73
Prune Purple,19-1608,#5C3A4D,92,58,77
Grape Wine,19-2315,#5A2F43,90,47,67
Italian Plum,19-2514,#533146,83,49,70
Potent Purple,19-2520,#462639,70,38,57
Lavender Herb,16-3310,#B18EAA,177,142,170
Lavender Mist,16-3307,#AE90A7,174,144,167
Valerian,17-3410,#9F7A93,159,122,147
Very Grape,18-3220,#927288,146,114,136
Grapeade,18-3211,#85677B,133,103,123
Purple Gumdrop,18-3012,#7A596F,122,89,111
Berry Conserve,18-3013,#765269,118,82,105
Chinese Violet,18-3418,#835E81,131,94,129
Crushed Grape,18-3522,#7A547F,122,84,127
Concord Grape,18-3218,#7C5379,124,83,121
Sunset Purple,19-3424,#6F456E,111,69,110
Wood Violet,19-3325,#75406A,117,64,106
Purple Passion,19-3223,#683D62,104,61,98
Dark Purple,19-2524,#582147,88,33,71
Grape Jam,18-3415,#725671,114,86,113
Deep Purple,19-3323,#50314C,80,49,76
Wineberry,19-2814,#5A395B,90,57,91
Grape Royale,19-3518,#4F2D54,79,45,84
Plum Purple,19-3218,#51304E,81,48,78
Hortensia,19-2009,#553B50,85,59,80
Blackberry Wine,19-2816,#4D3246,77,50,70
Navy Cosmos,19-3714,#503B53,80,59,83
Indigo,19-3215,#4C3957,76,57,87
Purple Pennant,19-3519,#432C47,67,44,71
Plum Perfect,19-3316,#473442,71,52,66
Sweet Grape,19-3619,#4B3B4F,75,59,79
Shadow Purple,19-3217,#4E334E,78,51,78
Blackberry Cordial,19-3520,#3F2A47,63,42,71
Purple Reign,19-3620,#56456B,86,69,107
Mulberry Purple,19-3722,#493C62,73,60,98
Gothic Grape,19-3720,#473951,71,57,81
Grape,19-3728,#433455,67,52,85
Mysterioso,19-3617,#46394B,70,57,75
Purple Velvet,19-3725,#41354D,65,53,77
Nightshade,19-3712,#433748,67,55,72
Orchid Tint,13-3802,#DBD2DB,219,210,219
Lilac Ash,13-3803,#D7CDCD,215,205,205
Gray Lilac,13-3804,#D4CACD,212,202,205
Hushed Violet,14-3803,#D1C0BF,209,192,191
Cloud Gray,15-3802,#B7A9AC,183,169,172
Quail,17-1505,#98868C,152,134,140
Nirvana,17-3808,#A2919B,162,145,155
Orchid Hush,13-3805,#CEC3D2,206,195,210
Iris,14-3805,#BAAFBC,186,175,188
Sea Fog,16-3304,#A5929D,165,146,157
Elderberry,17-1605,#9D848E,157,132,142
Black Plum,18-1706,#6C5765,108,87,101
Flint,18-1405,#705861,112,88,97
Sassafras,19-1624,#54353B,84,53,59
Evening Haze,14-3904,#BDB8C7,189,184,199
Thistle,14-3907,#B9B3C5,185,179,197
Lavender Gray,17-3910,#9890A2,152,144,162
Minimal Gray,17-3906,#948D99,148,141,153
Purple Ash,17-3810,#8F8395,143,131,149
Gray Ridge,18-3710,#847986,132,121,134
Purple Sage,18-3712,#75697E,117,105,126
Heirloom Lilac,16-3812,#9D96B2,157,150,178
Wisteria,16-3810,#A198AF,161,152,175
Dusk,17-3812,#897F98,137,127,152
Daybreak,17-3817,#8981A0,137,129,160
Cadet,18-3812,#6A6378,106,99,120
Mulled Grape,18-3714,#675A74,103,90,116
Purple Plumeria,19-3716,#473854,71,56,84
Lilac Marble,14-3903,#C3BABF,195,186,191
Ashes Of Roses,15-0703,#B5ACAB,181,172,171
Gull Gray,16-3803,#A49CA0,164,156,160
Zinc,17-2601,#92898A,146,137,138
Gull,17-3802,#918C8F,145,140,143
Shark,18-1703,#6D636B,109,99,107
Sparrow,18-1404,#69595C,105,89,92
Orchid Ice,13-3406,#E0D0DB,224,208,219
Lilac Snow,13-3405,#E0C7D7,224,199,215
Winsome Orchid,14-3206,#D4B9CB,212,185,203
Fair Orchid,15-3508,#C0AAC0,192,170,192
Lavender Frost,15-3507,#BDABBE,189,171,190
Orchid Petal,14-3710,#BFB4CB,191,180,203
Pastel Lilac,14-3812,#BDB0D0,189,176,208
Orchid Bloom,14-3612,#C5AECF,197,174,207
Orchid Bouquet,15-3412,#D1ACCE,209,172,206
Lupine,16-3521,#BE9CC1,190,156,193
Violet Tulle,16-3416,#C193C0,193,147,192
Sheer Lilac,16-3617,#B793C0,183,147,192
African Violet,16-3520,#B085B7,176,133,183
Dusty Lavender,17-3313,#A1759C,161,117,156
Paisley Purple,17-3730,#8B79B1,139,121,177
Hyacinth,17-3619,#936CA7,147,108,167
Amethyst Orchid,17-3628,#926AA6,146,106,166
Dewberry,18-3533,#8B5987,139,89,135
Purple Heart,18-3520,#745587,116,85,135
Meadow Violet,19-3526,#764F82,118,79,130
Royal Purple,19-3642,#603F83,96,63,131
Deep Lavender,18-3633,#775496,119,84,150
Royal Lilac,18-3531,#774D8E,119,77,142
Pansy,19-3542,#653D7C,101,61,124
Bright Violet,19-3438,#784384,120,67,132
Amaranth Purple,19-3536,#6A397B,106,57,123
Purple Magic,19-3540,#663271,102,50,113
Plum,19-3220,#5A315D,90,49,93
Imperial Palace,18-3615,#604E7A,96,78,122
Patrician Purple,18-3518,#6C4E79,108,78,121
Loganberry,19-3622,#5A4769,90,71,105
Majesty,19-3514,#593761,89,55,97
Imperial Purple,19-3528,#542C5D,84,44,93
Crown Jewel,19-3640,#482D54,72,45,84
Parachute Purple,19-3731,#392852,57,40,82
Lavender Fog,13-3820,#D2C4D6,210,196,214
Lavendula,15-3620,#BCA4CB,188,164,203
Lavender,15-3817,#AFA4CE,175,164,206
Bougainvillea,17-3725,#9884B9,152,132,185
Violet Tulip,16-3823,#9E91C3,158,145,195
Chalk Violet,17-3615,#8F7DA5,143,125,165
Purple Haze,18-3718,#807396,128,115,150
Smoky Grape,16-3110,#B88AAC,184,138,172
Regal Orchid,16-3525,#A98BAF,169,139,175
Viola,16-3815,#A692BA,166,146,186
Orchid Mist,17-3612,#917798,145,119,152
Grape Compote,18-3513,#6B5876,107,88,118
Montana Grape,18-3715,#6C5971,108,89,113
Vintage Violet,18-3410,#634F62,99,79,98
Aster Purple,17-3826,#7D74A8,125,116,168
Dahlia Purple,17-3834,#7E6EAC,126,110,172
Passion Flower,18-3737,#6D5698,109,86,152
Ultra Violet,18-3838,#5F4B8B,95,75,139
Prism Violet,19-3748,#53357D,83,53,125
Heliotrope,19-3737,#4F3872,79,56,114
Petunia,19-3632,#4F3466,79,52,102
Corsican Blue,18-3828,#646093,100,96,147
Veronica,18-3834,#6D6695,109,102,149
Blue Iris,18-3943,#5A5B9F,90,91,159
Purple Opulence,18-3840,#60569A,96,86,154
Gentian Violet,19-3730,#544275,84,66,117
Liberty,19-3850,#4D448A,77,68,138
Deep Blue,19-3847,#44377D,68,55,125
Bleached Denim,18-3930,#646F9B,100,111,155
Heron,18-3817,#62617E,98,97,126
Skipper Blue,19-3936,#484A72,72,74,114
Navy Blue,19-3832,#403F6F,64,63,111
Deep Wisteria,19-3842,#443F6F,68,63,111
Blue Ribbon,19-3839,#3A395F,58,57,95
Astral Aura,19-3830,#363151,54,49,81
Lilac Hint,13-4105,#D0D0DA,208,208,218
Misty Lilac,15-3807,#BCB4C4,188,180,196
Lavender Blue,14-3905,#C5C0D0,197,192,208
Purple Heather,14-3911,#BAB8D3,186,184,211
Cosmic Sky,15-3909,#AAAAC4,170,170,196
Languid Lavender,15-3910,#A2A1BA,162,161,186
Dapple Gray,16-3907,#9C9BA7,156,155,167
Sweet Lavender,16-3931,#9A9BC1,154,155,193
Easter Egg,16-3925,#919BC9,145,155,201
Jacaranda,17-3930,#848DC5,132,141,197
Deep Periwinkle,17-3932,#7C83BC,124,131,188
Dusted Peri,18-3833,#696BA0,105,107,160
Violet Storm,18-3944,#5C619D,92,97,157
Baja Blue,18-3946,#5F6DB0,95,109,176
Thistle Down,16-3930,#9499BB,148,153,187
Persian Violet,17-3925,#8C8EB2,140,142,178
Twilight Purple,18-3820,#66648B,102,100,139
Orient Blue,19-3947,#47457A,71,69,122
Clematis Blue,19-3951,#363B7C,54,59,124
Royal Blue,19-3955,#3D428B,61,66,139
Spectrum Blue,18-3963,#3D3C7C,61,60,124
Lavender Violet,17-3924,#767BA5,118,123,165
Blue Ice,17-3922,#70789B,112,120,155
Velvet Morning,18-3927,#60688D,96,104,141
Marlin,18-3932,#515B87,81,91,135
Blueprint,19-3939,#2D3359,45,51,89
Blue Depths,19-3940,#263056,38,48,86
Medieval Blue,19-3933,#29304E,41,48,78
Lavender Aura,16-3911,#9F99AA,159,153,170
Stonewash,17-3917,#74809A,116,128,154
Nightshadow Blue,19-3919,#4E5368,78,83,104
Blue Indigo,19-3928,#49516D,73,81,109
Graystone,19-3915,#4D495B,77,73,91
Crown Blue,19-3926,#464B65,70,75,101
Deep Cobalt,19-3935,#404466,64,68,102
Arctic Ice,13-4110,#BFC7D6,191,199,214
Gray Dawn,14-4106,#BBC1CC,187,193,204
Heather,14-4110,#B7C0D6,183,192,214
Eventide,16-3919,#959EB7,149,158,183
Silver Lake Blue,17-4030,#618BB9,97,139,185
Blue Bonnet,17-3936,#6384B8,99,132,184
Blue Yonder,18-3937,#5A77A8,90,119,168
Lavender Lustre,16-3920,#8C9CC1,140,156,193
Purple Impression,17-3919,#858FB1,133,143,177
Grapemist,16-3929,#8398CA,131,152,202
Vista Blue,15-3930,#81A0D4,129,160,212
Cornflower Blue,16-4031,#7391C8,115,145,200
Persian Jewel,17-3934,#6E81BE,110,129,190
Wedgewood,18-3935,#6479B3,100,121,179
Skyway,14-4112,#ADBED3,173,190,211
Cashmere Blue,14-4115,#A5B8D0,165,184,208
Blue Bell,14-4121,#93B4D7,147,180,215
Placid Blue,15-3920,#8CADD3,140,173,211
Della Robbia Blue,16-4020,#7A9DCB,122,157,203
Provence,16-4032,#658DC6,101,141,198
Ultramarine,17-4037,#5B7EBD,91,126,189
Allure,16-4021,#7291B4,114,145,180
Colony Blue,17-3923,#65769A,101,118,154
Moonlight Blue,18-4027,#506886,80,104,134
Dutch Blue,18-3928,#4A638D,74,99,141
Delft,19-4039,#3D5E8C,61,94,140
Limoges,19-4044,#243F6C,36,63,108
Estate Blue,19-4027,#233658,35,54,88
Infinity,17-4015,#6E7E99,110,126,153
Bijou Blue,18-3921,#4E5E7F,78,94,127
Coastal Fjord,18-3920,#505D7E,80,93,126
True Navy,19-4030,#3F5277,63,82,119
Ensign Blue,19-4026,#384C67,56,76,103
Dark Denim,19-4118,#35465E,53,70,94
Insignia Blue,19-4028,#2F3E55,47,62,85
Air Blue,15-4319,#77ACC7,119,172,199
Heritage Blue,16-4127,#5D96BC,93,150,188
Ethereal Blue,15-4323,#5CA6CE,92,166,206
Bonnie Blue,16-4134,#539CCC,83,156,204
Cendre Blue,17-4131,#3E7FA5,62,127,165
Parisian Blue,18-4036,#4F7CA4,79,124,164
Faience,18-4232,#2A6A8B,42,106,139
Alaskan Blue,15-4225,#6DA9D2,109,169,210
Little Boy Blue,16-4132,#6EA2D5,110,162,213
Azure Blue,17-4139,#4D91C6,77,145,198
Riviera,17-4027,#5879A2,88,121,162
Federal Blue,18-4029,#43628B,67,98,139
Star Sapphire,18-4041,#386192,56,97,146
Bright Cobalt,19-4037,#385D8D,56,93,141
Dusk Blue,16-4120,#7BA0C0,123,160,192
Regatta,18-4039,#487AB7,72,122,183
Palace Blue,18-4043,#346CB0,52,108,176
Strong Blue,18-4051,#1F5DA0,31,93,160
Turkish Sea,19-4053,#195190,25,81,144
Olympian Blue,19-4056,#1A4C8B,26,76,139
Classic Blue,19-4052,#0F4C81,15,76,129
Marina,17-4041,#4F84C4,79,132,196
Campanula,18-4141,#3272AF,50,114,175
Daphne,18-4045,#0F5F9A,15,95,154
Victoria Blue,18-4148,#08589D,8,88,157
Snorkel Blue,19-4049,#034F84,3,79,132
Nautical Blue,19-4050,#1A5091,26,80,145
Princess Blue,19-4150,#00539C,0,83,156
Dazzling Blue,18-3949,#3850A0,56,80,160
Amparo Blue,18-3945,#4960A8,73,96,168
Deep Ultramarine,19-3950,#384883,56,72,131
Surf The Web,19-3952,#203C7F,32,60,127
Mazarine Blue,19-3864,#273C76,39,60,118
True Blue,19-4057,#1E4477,30,68,119
Twilight Blue,19-3938,#313D64,49,61,100
Kentucky Blue,15-3915,#A5B3CC,165,179,204
Cerulean,15-4020,#9BB7D4,155,183,212
Powder Blue,14-4214,#96B3D2,150,179,210
Forever Blue,16-4019,#899BB8,137,155,184
Tempest,17-3915,#79839B,121,131,155
Country Blue,17-3918,#717F9B,113,127,155
English Manor,17-3920,#7181A4,113,129,164
Illusion Blue,13-4103,#C9D3DC,201,211,220
Ballad Blue,13-4304,#C0CEDA,192,206,218
Baby Blue,13-4308,#B5C7D3,181,199,211
Celestial Blue,14-4210,#A3B4C4,163,180,196
Blue Fog,15-4008,#9BABBB,155,171,187
Flint Stone,18-3916,#677283,103,114,131
Folkstone Gray,18-3910,#626879,98,104,121
Pearl Blue,14-4206,#B0B7BE,176,183,190
Monument,17-4405,#84898C,132,137,140
Dark Slate,19-4220,#46515A,70,81,90
Midnight Navy,19-4110,#34414E,52,65,78
Total Eclipse,19-4010,#2C313D,44,49,61
Blue Graphite,19-4015,#323137,50,49,55
Dark Navy,19-4013,#232F36,35,47,54
Ice Flow,13-4404,#C6D2D2,198,210,210
Quarry,15-4305,#98A0A5,152,160,165
Griffin,17-5102,#8D8F8F,141,143,143
Dark Shadow,19-3906,#4A4B4D,74,75,77
Ombre Blue,19-4014,#434854,67,72,84
India Ink,19-4019,#3C3F4A,60,63,74
Ebony,19-4104,#41424A,65,66,74
Patriot Blue,19-3925,#363756,54,55,86
Eclipse,19-3810,#343148,52,49,72
Mood Indigo,19-4025,#353A4C,53,58,76
Peacoat,19-3920,#2B2E43,43,46,67
Black Iris,19-3921,#2B3042,43,48,66
Dress Blues,19-4024,#2A3244,42,50,68
Blue Nights,19-4023,#363B48,54,59,72
Angel Falls,15-4105,#A3BDD3,163,189,211
Dream Blue,15-4005,#A0BCD0,160,188,208
Ashley Blue,16-4013,#8699AB,134,153,171
Dusty Blue,16-4010,#8C9DAD,140,157,173
Indian Teal,19-4227,#3C586B,60,88,107
Stargazer,19-4316,#39505C,57,80,92
Orion Blue,19-4229,#3E4F5C,62,79,92
Forget Me Not,15-4312,#8FADBD,143,173,189
Faded Denim,17-4021,#798EA4,121,142,164
Blue Shadow,17-4020,#66829A,102,130,154
Coronet Blue,18-3922,#59728E,89,114,142
Captains Blue,18-4020,#557088,85,112,136
Copen Blue,18-4025,#516B84,81,107,132
China Blue,18-3918,#546477,84,100,119
Adriatic Blue,17-4320,#5C899B,92,137,155
Provincial Blue,18-4220,#5C798E,92,121,142
Niagara,17-4123,#5487A4,84,135,164
Blue Heaven,17-4023,#5B7E98,91,126,152
Stellar,18-4026,#46647E,70,100,126
Real Teal,18-4018,#405D73,64,93,115
Majolica Blue,19-4125,#274357,39,67,87
Starlight Blue,12-4609,#B5CED4,181,206,212
Winter Sky,14-4307,#A9C0CB,169,192,203
Stratosphere,14-4508,#9EC1CC,158,193,204
Sterling Blue,15-4309,#A2B9C2,162,185,194
Arona,16-4109,#879BA3,135,155,163
Citadel,17-4111,#748995,116,137,149
Blue Mirage,18-4215,#5C6D7C,92,109,124
Cloud Blue,14-4306,#A2B6B9,162,182,185
Ether,14-4506,#9EB6B8,158,182,184
Cameo Blue,16-4414,#769DA6,118,157,166
Stone Blue,16-4114,#829CA5,130,156,165
Tourmaline,16-4411,#86A1A9,134,161,169
Smoke Blue,17-4412,#6D8994,109,137,148
Bluestone,18-4217,#577284,87,114,132
Aquamarine,14-4313,#9DC3D4,157,195,212
Sky Blue,14-4318,#8ABAD3,138,186,211
Milky Blue,15-4415,#72A8BA,114,168,186
Blue Grotto,15-4421,#5CACCE,92,172,206
Norse Blue,15-4427,#4CA5C7,76,165,199
Aquarius,16-4530,#3CADD4,60,173,212
Maui Blue,16-4525,#52A2B4,82,162,180
Blue Mist,16-4421,#5BACC3,91,172,195
River Blue,15-4720,#38AFCD,56,175,205
Cyan Blue,16-4529,#14A3C7,20,163,199
Horizon Blue,16-4427,#289DBE,40,157,190
Blue Moon,17-4328,#3686A0,54,134,160
Bluejay,17-4427,#157EA0,21,126,160
Mediterranian Blue,18-4334,#1478A7,20,120,167
Bachelor Button,14-4522,#4ABBD5,74,187,213
Blue Atoll,16-4535,#00B1D2,0,177,210
Vivid Blue,17-4432,#0088B0,0,136,176
Hawaiian Ocean,17-4540,#008DB9,0,141,185
Blue Danube,17-4440,#0087B6,0,135,182
Blue Jewel,18-4535,#007BAA,0,123,170
Methyl Blue,18-4537,#0074A8,0,116,168
Malibu Blue,17-4435,#008CC1,0,140,193
Blithe,17-4336,#0084BD,0,132,189
Swedish Blue,18-4330,#007EB1,0,126,177
Dresden Blue,17-4433,#0086BB,0,134,187
Diva Blue,17-4247,#007BB2,0,123,178
Blue Aster,18-4252,#0077B3,0,119,179
Cloisonne,18-4440,#0075AF,0,117,175
French Blue,18-4140,#0072B5,0,114,181
Brilliant Blue,18-4247,#0075B3,0,117,179
Directoire Blue,18-4244,#0061A3,0,97,163
Skydiver,19-4151,#00589B,0,88,155
Imperial Blue,19-4245,#005A92,0,90,146
Deep Water,18-4032,#266691,38,102,145
Dark Blue,19-4035,#305679,48,86,121
Pastel Blue,12-4607,#BCD3D5,188,211,213
Clearwater,12-4608,#AAD5DB,170,213,219
Blue Glow,13-4409,#B2D4DD,178,212,221
Plume,13-4809,#A5CFD5,165,207,213
Porcelain Blue,14-4512,#95C0CB,149,192,203
Crystal Blue,13-4411,#A1C8DB,161,200,219
Petit Four,14-4516,#87C2D4,135,194,212
Wan Blue,12-4805,#CBDCDF,203,220,223
Whispering Blue,12-4610,#C9DCDC,201,220,220
Skylight,12-4604,#C8E0E0,200,224,224
Aquatic,14-4510,#99C1CC,153,193,204
Marine Blue,15-4712,#76AFB6,118,175,182
Reef Waters,16-4612,#6F9FA9,111,159,169
Arctic,17-4911,#648589,100,133,137
Chalk Blue,12-4806,#CCDAD7,204,218,215
Pale Blue,13-4804,#C4D6D3,196,214,211
Misty Blue,13-4405,#BFCDCC,191,205,204
Sky Gray,14-4504,#BCC8C6,188,200,198
Surf Spray,14-4807,#B4C8C2,180,200,194
Gray Mist,15-4706,#99AEAE,153,174,174
Aquifer,15-5207,#89ACAC,137,172,172
Blue Glass,12-5206,#C6E3E1,198,227,225
Icy Morn,13-5306,#B0D3D1,176,211,209
Canal Blue,14-4810,#9CC2C5,156,194,197
Pastel Turquoise,13-5309,#99C5C4,153,197,196
Aqua Haze,15-5209,#87B9BC,135,185,188
Aqua Sea,15-4715,#6BAAAE,107,170,174
Meadowbrook,16-5121,#60A0A3,96,160,163
Glacier,12-5505,#C3DBD4,195,219,212
Fair Aqua,12-5409,#B8E2DC,184,226,220
Soothing Sea,12-5209,#C3E9E4,195,233,228
Bleached Aqua,12-5410,#BCE3DF,188,227,223
Blue Light,13-4909,#ACDFDD,172,223,221
Blue Tint,13-4910,#9FD9D7,159,217,215
Aqua Sky,14-4811,#7BC4C4,123,196,196
Morning Mist,12-5204,#CFDFDB,207,223,219
Harbor Gray,14-4908,#A8C0BB,168,192,187
Eggshell Blue,14-4809,#A3CCC9,163,204,201
Dusty Turquoise,16-5114,#649B9E,100,155,158
Porcelain,16-4719,#5D9CA4,93,156,164
Brittany Blue,18-5610,#4C7E86,76,126,134
Hydro,18-4718,#426972,66,105,114
Blue Haze,15-4707,#A5BCBB,165,188,187
Nile Blue,15-5210,#76A7AB,118,167,171
Mineral Blue,16-4712,#6D9192,109,145,146
Bristol Blue,17-4818,#558F91,85,143,145
Teal,17-4919,#478589,71,133,137
Blue Spruce,18-5308,#486B67,72,107,103
Sagebrush Green,18-5612,#567572,86,117,114
Green Milieu,16-5806,#8A9992,138,153,146
Jadeite,16-5304,#95A69F,149,166,159
Blue Surf,16-5106,#90A8A4,144,168,164
Oil Blue,17-5111,#658C88,101,140,136
Trellis,17-5110,#6A8988,106,137,136
North Atlantic,18-4612,#536D70,83,109,112
Sea Pine,18-5112,#4C6969,76,105,105
Slate,16-4408,#8C9FA1,140,159,161
Silver Blue,16-4706,#8A9A9A,138,154,154
Abyss,16-4404,#8F9E9D,143,158,157
Lead,17-4408,#7A898F,122,137,143
Stormy Sea,18-4711,#6E8082,110,128,130
Trooper,18-4510,#697A7E,105,122,126
Goblin Blue,18-4011,#5F7278,95,114,120
Slate Gray,16-5804,#8A9691,138,150,145
Chinois Green,17-5107,#7C8C87,124,140,135
Dark Forest,18-5611,#556962,85,105,98
Balsam Green,18-5606,#576664,87,102,100
Beetle,19-0312,#55584C,85,88,76
Urban Chic,19-5004,#464E4D,70,78,77
Darkest Spruce,19-5212,#303D3C,48,61,60
Mallard Blue,19-4318,#3A5C6E,58,92,110
Celestial,18-4530,#006380,0,99,128
Saxony Blue,18-4225,#1F6680,31,102,128
Lyons Blue,19-4340,#005871,0,88,113
Ink Blue,19-4234,#0B5369,11,83,105
Corsair,19-4329,#18576C,24,87,108
Legion Blue,19-4324,#1F495B,31,73,91
Aegean Blue,18-4320,#4E6E81,78,110,129
Bluesteel,18-4222,#35637C,53,99,124
Blue Ashes,18-4023,#3B5F78,59,95,120
Midnight,19-4127,#325B74,50,91,116
Blue Sapphire,18-4231,#09577B,9,87,123
Seaport,19-4342,#005E7D,0,94,125
Moroccan Blue,19-4241,#0F4E67,15,78,103
Ocean Depths,19-4535,#006175,0,97,117
Blue Coral,19-4526,#1B5366,27,83,102
Dragonfly,19-4826,#2A5C6A,42,92,106
Pacific,19-4916,#1F595C,31,89,92
Balsam,19-4820,#33565E,51,86,94
Mediterranea,19-4517,#32575D,50,87,93
Atlantic Deep,19-4726,#274E55,39,78,85
Aqua,15-4717,#64A1AD,100,161,173
Stillwater,16-4610,#70A4B0,112,164,176
Delphinium Blue,16-4519,#6198AE,97,152,174
Larkspur,17-4421,#3C7D90,60,125,144
Storm Blue,17-4716,#47788A,71,120,138
Tapestry,18-4417,#436573,67,101,115
Colonial Blue,18-4522,#2D6471,45,100,113
Peacock Blue,16-4728,#00A0B0,0,160,176
Capri Breeze,17-4735,#008799,0,135,153
Algiers Blue,17-4728,#00859C,0,133,156
Caneel Bay,17-4730,#00849F,0,132,159
Caribbean Sea,18-4525,#00819D,0,129,157
Mosaic Blue,18-4528,#00758F,0,117,143
Turkish Tile,18-4432,#00698B,0,105,139
Angel Blue,14-4814,#83C5CD,131,197,205
Blue Radiance,14-4816,#58C9D4,88,201,212
Capri,15-4722,#44BBCA,68,187,202
Blue Curacao,15-4825,#32BECC,50,190,204
Scuba Blue,16-4725,#00ABC0,0,171,192
Bluebird,16-4834,#009DAE,0,157,174
Enamel Blue,18-4733,#007A8E,0,122,142
Pool Blue,15-5218,#67BCB3,103,188,179
Blue Turquoise,15-5217,#53B0AE,83,176,174
Baltic,16-5123,#279D9F,39,157,159
Lake Blue,17-4928,#008C96,0,140,150
Tile Blue,18-4735,#008491,0,132,145
Pagoda Blue,17-4724,#1A7F8E,26,127,142
Biscay Bay,18-4726,#097988,9,121,136
Aruba Blue,13-5313,#81D7D3,129,215,211
Ceramic,16-5127,#00AAA9,0,170,169
Viridian Green,17-5126,#009499,0,148,153
Tropical Green,18-4930,#008786,0,135,134
Navigate,17-5025,#008583,0,133,131
Deep Peacock Blue,17-5029,#008381,0,131,129
Lapis,17-5034,#008684,0,134,132
Turquoise,15-5519,#45B5AA,69,181,170
Waterfall,15-5516,#3AB0A2,58,176,162
Lagoon,16-5418,#4D9E9A,77,158,154
Bright Aqua,16-5422,#30A299,48,162,153
Porcelain Green,17-5421,#108780,16,135,128
Blue Grass,18-5128,#007C7A,0,124,122
Fanfare,18-4936,#006D70,0,109,112
Atlantis,15-5425,#00AF9F,0,175,159
Pool Green,16-5425,#00AF9D,0,175,157
Dynasty Green,17-5330,#008E80,0,142,128
Spectra Green,17-5335,#009B8C,0,155,140
Columbia,17-5130,#009288,0,146,136
Teal Blue,17-5024,#007F7C,0,127,124
Parasailing,18-5020,#00736C,0,115,108
Wasabi,16-5109,#73A89E,115,168,158
Beryl Green,16-5515,#619187,97,145,135
Deep Sea,17-5513,#4F7C74,79,124,116
Bottle Green,17-5722,#427D6D,66,125,109
Galapagos Green,18-5725,#29685F,41,104,95
Antique Green,18-5418,#29675C,41,103,92
Storm,19-5217,#035453,3,84,83
Marine Green,16-5721,#40A48E,64,164,142
Sea Green,16-5421,#149C88,20,156,136
Greenlake,17-5528,#007D69,0,125,105
Tidepool,18-5619,#0A6F69,10,111,105
Ivy,18-5620,#226C63,34,108,99
Cadmium Green,18-5424,#00675B,0,103,91
Alpine Green,18-5322,#005F56,0,95,86
Canton,16-5112,#6DA29E,109,162,158
Agate Green,16-5412,#599F99,89,159,153
Sea Blue,16-5119,#549F98,84,159,152
Latigo Bay,17-5122,#379190,55,145,144
Green Blue Slate,17-5117,#358082,53,128,130
Bayou,18-5121,#20706F,32,112,111
North Sea,18-5115,#316C6B,49,108,107
Deep Jungle,18-5618,#36716F,54,113,111
Everglade,19-5226,#005B5D,0,91,93
Teal Green,19-4922,#006361,0,99,97
Harbor Blue,18-4728,#00656E,0,101,110
Deep Lake,18-4834,#00656B,0,101,107
Shaded Spruce,19-4524,#00585E,0,88,94
Deep Teal,19-4914,#18454B,24,69,75
Silver Pine,18-5410,#4E6866,78,104,102
Mallard Green,19-4818,#405E5C,64,94,92
Bistro Green,19-5408,#395551,57,85,81
Jasper,19-5413,#335959,51,89,89
Bayberry,18-5315,#255958,37,89,88
June Bug,19-5414,#264A48,38,74,72
Ponderosa Pine,19-5320,#203B3D,32,59,61
Aqua Glass,12-5407,#D2E8E0,210,232,224
Opal Blue,12-5406,#C3DDD6,195,221,214
Dusty Aqua,12-5506,#C0DCCD,192,220,205
Ocean Wave,14-5711,#8EC5B6,142,197,182
Holiday,14-5413,#81C3B4,129,195,180
Cascade,14-5713,#76C1B2,118,193,178
Dusty Jade Green,15-5711,#7BB5A3,123,181,163
Honeydew,12-5808,#BAE1D3,186,225,211
Brook Green,13-6009,#AFDDCC,175,221,204
Cabbage,13-5714,#87D7BE,135,215,190
Lucite Green,14-5714,#7ACCB8,122,204,184
Opal,14-5718,#77CFB7,119,207,183
Biscay Green,15-5718,#55C6A9,85,198,169
Spearmint,15-5819,#64BFA4,100,191,164
Moonlight Jade,12-5408,#C7E5DF,199,229,223
Bay,12-5507,#BAE5D6,186,229,214
Yucca,13-5409,#A1D7C9,161,215,201
Beach Glass,13-5412,#96DFCE,150,223,206
Ice Green,13-5414,#87D8C3,135,216,195
Cockatoo,14-5420,#58C8B6,88,200,182
Florida Keys,15-5416,#56BEAB,86,190,171
Bermuda,14-5416,#60C9B3,96,201,179
Electric Green,14-5721,#4BC3A8,75,195,168
Aqua Green,15-5421,#00B89F,0,184,159
Billiard,16-5427,#00AA92,0,170,146
Arcadia,16-5533,#00A28A,0,162,138
Alhambra,17-5430,#008778,0,135,120
Deep Green,17-5633,#009276,0,146,118
Mint Leaf,15-5728,#00B694,0,182,148
Peacock Green,16-5431,#00A78B,0,167,139
Vivid Green,17-5638,#009E82,0,158,130
Emerald,17-5641,#009473,0,148,115
Viridis,17-5734,#00846B,0,132,107
Shady Glade,18-5624,#006E5B,0,110,91
Ultramarine Green,18-5338,#006B54,0,107,84
Silt Green,14-5706,#A9BDB1,169,189,177
Frosty Green,15-5706,#A3B5A6,163,181,166
Iceberg Green,16-5808,#8C9C92,140,156,146
Granite Green,16-5907,#86A293,134,162,147
Green Bay,16-5810,#7E9285,126,146,133
Lily Pad,16-5807,#818F84,129,143,132
Laurel Wreath,17-6009,#616F65,97,111,101
Green Spruce,16-5820,#589F7E,88,159,126
Comfrey,18-6216,#5B7961,91,121,97
Dark Ivy,17-5912,#5B7763,91,119,99
Foliage Green,18-6018,#3E6F58,62,111,88
Myrtle,18-6114,#4F6B58,79,107,88
Posy Green,18-5616,#325B51,50,91,81
Pineneedle,19-5920,#334D41,51,77,65
Sea Spray,17-6212,#717E6F,113,126,111
Duck Green,18-6011,#53665C,83,102,92
Frosty Spruce,18-5622,#578270,87,130,112
Fir,18-5621,#3A725F,58,114,95
Evergreen,19-5420,#11574A,17,87,74
Hunter Green,19-5511,#335749,51,87,73
Dark Green,19-5513,#314F40,49,79,64
Feldspar,16-5815,#729B8B,114,155,139
Smoke Pine,18-5718,#3E6257,62,98,87
Trekking Green,19-5411,#355048,53,80,72
Garden Topiary,18-5913,#3E524B,62,82,75
Jungle Green,19-5914,#3C4E47,60,78,71
Sycamore,19-5917,#35463D,53,70,61
Green Gables,19-4906,#324241,50,66,65
Vetiver,17-0613,#807D6F,128,125,111
Deep Lichen Green,18-0312,#6E6E5C,110,110,92
Thyme,19-0309,#50574C,80,87,76
Kombu Green,19-0417,#3A4032,58,64,50
Deep Forest,19-6110,#37413A,55,65,58
Forest Night,19-0414,#434237,67,66,55
Rosin,19-0509,#36362D,54,54,45
Celadon,13-6108,#B8CCBA,184,204,186
Pale Aqua,13-5305,#C1CCC2,193,204,194
Smoke,14-4505,#BFC8C3,191,200,195
Foggy Dew,13-4305,#D1D5D0,209,213,208
Mercury,14-4502,#BAC2BA,186,194,186
Mineral Gray,15-5704,#B2B6AC,178,182,172
Aqua Gray,15-5205,#A5B2AA,165,178,170
Fairest Jade,12-6206,#D8E3D7,216,227,215
Water Lily,11-0304,#DDE3D5,221,227,213
Canary Green,12-0108,#D6DEC9,214,222,201
Almost Aqua,13-6006,#CAD3C1,202,211,193
Green Tint,13-6106,#C5CCC0,197,204,192
Sea Foam,14-6007,#B7C2B2,183,194,178
Desert Sage,16-0110,#A7AE9E,167,174,158
Whisper Green,12-5404,#E0E6D7,224,230,215
Celadon Tint,13-6105,#CBCEBE,203,206,190
Dewkist,13-0107,#C4D1C2,196,209,194
Green Lily,13-6107,#C1CEC1,193,206,193
Cameo Green,14-6312,#AAC0AD,170,192,173
Seagrass,16-6008,#959889,149,152,137
Shadow,17-6206,#888D82,136,141,130
Clearly Aqua,12-5504,#CEE1D4,206,225,212
Misty Jade,13-6008,#BCD9C8,188,217,200
Subtle Green,14-6008,#B5CBBB,181,203,187
Aqua Foam,14-5707,#ADC3B4,173,195,180
Gossamer Green,13-5907,#B2CFBE,178,207,190
Lichen,15-5812,#9BC2B1,155,194,177
Grayed Jade,14-6011,#9BBEA9,155,190,169
Milky Green,12-6205,#CFDBD1,207,219,209
Phantom Green,12-6208,#DCE4D7,220,228,215
Mist Green,13-6110,#AACEBC,170,206,188
Birds Egg Green,13-5911,#AACCB9,170,204,185
Bok Choy,13-6208,#BCCAB3,188,202,179
Smoke Green,15-6315,#A8BBA2,168,187,162
Malachite Green,16-5917,#709A89,112,154,137
Mistletoe,16-0220,#8AA282,138,162,130
Basil,16-6216,#879F84,135,159,132
Mineral Green,16-6318,#7A9B78,122,155,120
Green Eyes,16-0224,#7D956D,125,149,109
Turf Green,17-0119,#6F8C69,111,140,105
Watercress,17-0220,#748C69,116,140,105
Elm Green,18-0121,#547053,84,112,83
Hedge Green,17-6323,#768A75,118,138,117
Loden Frost,17-0210,#788F74,120,143,116
Shale Green,16-6116,#739072,115,144,114
Kashmir,17-6319,#6F8D6A,111,141,106
Stone Green,17-0123,#658E67,101,142,103
English Ivy,18-0110,#61845B,97,132,91
Deep Grass Green,17-6219,#558367,85,131,103
Piquant Green,17-0235,#769358,118,147,88
Forest Green,17-0230,#6B8D53,107,141,83
Fluorite Green,17-0133,#699158,105,145,88
Cactus,18-0130,#53713D,83,113,61
Garden Green,19-0230,#495E35,73,94,53
Artichoke Green,18-0125,#4B6D41,75,109,65
Willow Bough,18-0119,#59754D,89,117,77
Aspen Green,17-0215,#7E9B76,126,155,118
Medium Green,17-6229,#3C824E,60,130,78
Juniper,18-6330,#3D7245,61,114,69
Fairway,18-6320,#477050,71,112,80
Vineyard Green,18-0117,#5F7355,95,115,85
Dill,18-0108,#6F7755,111,119,85
Greener Pastures,19-6311,#37503D,55,80,61
Four Leaf Clover,18-0420,#616652,97,102,82
Bronze Green,18-0317,#525F48,82,95,72
Chive,19-0323,#4A5335,74,83,53
Cypress,18-0322,#545A3E,84,90,62
Black Forest,19-0315,#414F3C,65,79,60
Rifle Green,19-0419,#414832,65,72,50
Duffel Bag,19-0415,#394034,57,64,52
Ambrosia,12-0109,#D2E7CA,210,231,202
Spray,13-6007,#BED3BB,190,211,187
Pastel Green,13-0116,#B4D3B2,180,211,178
Hemlock,15-6114,#97C1A1,151,193,161
Sprucestone,14-6316,#9FC09C,159,192,156
Meadow,14-6319,#8BBA94,139,186,148
Jadesheen,16-6324,#77A276,119,162,118
Green Ash,13-0117,#A0DAA9,160,218,169
Greengage,14-0127,#8BC28C,139,194,140
Ming,15-6120,#7CB08A,124,176,138
Zephyr Green,14-6327,#7CB083,124,176,131
Peapod,14-6324,#82B185,130,177,133
Light Grass Green,15-6322,#7CB68E,124,182,142
Absinthe Green,14-6329,#76B583,118,181,131
Neptune Green,14-6017,#7FBB9E,127,187,158
Creme De Menthe,16-5919,#70A38D,112,163,141
Winter Green,16-5924,#4F9E81,79,158,129
Gumdrop Green,16-5825,#2EA785,46,167,133
Holly Green,16-5932,#0F9D76,15,157,118
Parakeet,17-5735,#008C69,0,140,105
Golf Green,18-5642,#008763,0,135,99
Spring Bud,14-6330,#6BCD9C,107,205,156
Katydid,16-6030,#66BC91,102,188,145
Jade Cream,15-6123,#60B892,96,184,146
Ming Green,16-5930,#3AA278,58,162,120
Greenbriar,16-6127,#4B9B69,75,155,105
Leprechaun,18-6022,#378661,55,134,97
Pine Green,17-5923,#3A795E,58,121,94
Blarney,16-5942,#00A776,0,167,118
Mint,16-5938,#00A170,0,161,112
Deep Mint,17-5937,#009E6D,0,158,109
Simply Green,17-5936,#009B75,0,155,117
Pepper Green,18-5841,#007D60,0,125,96
Bosphorus,18-5633,#007558,0,117,88
Verdant Green,19-6026,#12674A,18,103,74
Seacrest,13-0111,#BFD1B3,191,209,179
Gleam,12-0317,#BFD1AD,191,209,173
Nile Green,14-0121,#A7C796,167,199,150
Quiet Green,15-6317,#9EBC97,158,188,151
Fair Green,15-6316,#92AF88,146,175,136
Forest Shade,15-6423,#91AC80,145,172,128
Jade Green,16-0228,#759465,117,148,101
Patina Green,12-0225,#B9EAB3,185,234,179
Pistachio Green,13-0221,#A9D39E,169,211,158
Arcadian Green,14-0123,#A3C893,163,200,147
Grass Green,15-6437,#7BB369,123,179,105
Bud Green,15-6442,#79B465,121,180,101
Green Tea,15-6428,#86A96F,134,169,111
Tendril,16-0123,#89A06B,137,160,107
Paradise Green,13-0220,#B2E79F,178,231,159
Lime Green,14-0452,#9FC131,159,193,49
Jasmine Green,15-0545,#7EC845,126,200,69
Green Flash,15-0146,#79C753,121,199,83
Classic Green,16-6340,#39A845,57,168,69
Online Lime,17-0145,#44883C,68,136,60
Treetop,18-0135,#476A30,71,106,48
Summer Green,14-0156,#7ED37F,126,211,127
Spring Bouquet,14-6340,#6DCE87,109,206,135
Island Green,16-6240,#2BAE66,43,174,102
Irish Green,15-6340,#45BE76,69,190,118
Shamrock,15-6432,#6FA26B,111,162,107
Peppermint,16-6329,#699E6D,105,158,109
Mint Green,17-6333,#487D49,72,125,73
Poison Green,16-6444,#4DB560,77,181,96
Vibrant Green,16-6339,#55A860,85,168,96
Kelly Green,16-6138,#339C5E,51,156,94
Bright Green,15-5534,#009B5C,0,155,92
Fern Green,17-6153,#008C45,0,140,69
Jelly Bean,17-6030,#008658,0,134,88
Amazon,18-6024,#1F7349,31,115,73
Green Glow,13-0442,#B0C965,176,201,101
Bright Lime Green,14-0244,#97BC62,151,188,98
Greenery,15-0343,#88B04B,136,176,75
Foliage,16-0237,#75A14F,117,161,79
Peridot,17-0336,#819548,129,149,72
Meadow Green,16-0233,#739957,115,153,87
Woodbine,18-0538,#7B7F32,123,127,50
Jade Lime,14-0232,#A1CA7B,161,202,123
Herbal Garden,15-0336,#9CAD60,156,173,96
Leaf Green,15-0332,#9FAF6C,159,175,108
Parrot Green,15-0341,#8DB051,141,176,81
Dark Citron,16-0435,#A0AC4F,160,172,79
Macaw Green,16-0230,#9BB53E,155,181,62
Kiwi,16-0235,#7AAB55,122,171,85
Sharp Green,13-0535,#C6EC7A,198,236,122
Daiquiri Green,12-0435,#C9D77E,201,215,126
Wild Lime,13-0540,#C3D363,195,211,99
Linden Green,15-0533,#C4BF71,196,191,113
Bright Chartreuse,14-0445,#B5BF50,181,191,80
Tender Shoots,14-0446,#B5CC39,181,204,57
Lime Punch,13-0550,#C0D725,192,215,37
Sunny Lime,12-0741,#DFEF87,223,239,135
Limeade,13-0645,#D3D95F,211,217,95
Sulphur Spring,13-0650,#D5D717,213,215,23
Citronelle,15-0548,#B8AF23,184,175,35
Apple Green,15-0543,#B5B644,181,182,68
Warm Olive,15-0646,#C7B63C,199,182,60
Antique Moss,16-0840,#B9A023,185,160,35
Lime Cream,12-0312,#D7E8BC,215,232,188
Shadow Lime,13-0319,#CFE09D,207,224,157
Lime Sherbet,13-0530,#CDD78A,205,215,138
Lettuce Green,13-0324,#BED38E,190,211,142
Sap Green,13-0331,#AFCB80,175,203,128
Opaline Green,14-0226,#A3C57D,163,197,125
Winter Pear,15-0523,#B0B487,176,180,135
Sylvan Green,11-0410,#E7EACB,231,234,203
Glass Green,11-0205,#ECEAD0,236,234,208
Green Essence,12-0607,#E9EAC8,233,234,200
Ethereal Green,11-0609,#F1ECCA,241,236,202
Garden Glade,13-0614,#DCD8A8,220,216,168
Hay,12-0418,#D3CCA3,211,204,163
Pale Green,13-0522,#CBCE91,203,206,145
Young Wheat,12-0521,#E1E3A9,225,227,169
Citron,12-0524,#DFDE9B,223,222,155
Luminary Green,12-0525,#E3EAA5,227,234,165
Pale Lime Yellow,12-0520,#DFE69F,223,230,159
Chardonnay,13-0633,#E7DF99,231,223,153
Lima Bean,13-0333,#E1D590,225,213,144
Charlock,12-0530,#E5E790,229,231,144
Mellow Green,12-0426,#D5D593,213,213,147
Shadow Green,14-0627,#CFC486,207,196,134
Celery Green,13-0532,#C5CC7B,197,204,123
Green Banana,14-0434,#BABC72,186,188,114
Green Oasis,15-0538,#B0B454,176,180,84
Leek Green,15-0628,#B7B17A,183,177,122
Weeping Willow,15-0525,#B3B17B,179,177,123
Palm,15-0535,#AFAF5E,175,175,94
Golden Olive,16-0639,#AF9841,175,152,65
Oasis,16-0540,#A3A04E,163,160,78
Moss,16-0532,#A09D59,160,157,89
Amber Green,17-0840,#9A803A,154,128,58
Ecru Olive,17-0836,#927B3C,146,123,60
Green Moss,17-0636,#857946,133,121,70
Khaki,16-0726,#A39264,163,146,100
Fennel Seed,17-0929,#998456,153,132,86
Willow,16-0632,#9A8B4F,154,139,79
Bronze Mist,17-0843,#9C7E41,156,126,65
Dried Tobacco,18-0835,#997B38,153,123,56
Tapenade,18-0840,#805D24,128,93,36
Plantation,18-0832,#7A6332,122,99,50
Fog Green,13-0210,#C2CBB4,194,203,180
Tender Greens,13-0212,#C5CFB6,197,207,182
Aloe Wash,13-0608,#D0D3B7,208,211,183
Celadon Green,14-0114,#B5C1A5,181,193,165
Laurel Green,15-6313,#ADBBA1,173,187,161
Swamp,15-6310,#A8B197,168,177,151
Reseda,15-6414,#A1AD92,161,173,146
Meadow Mist,12-0106,#D3DEC4,211,222,196
Butterfly,12-0322,#CADEA5,202,222,165
White Jade,12-0315,#D4DBB2,212,219,178
Seafoam Green,12-0313,#CBD5B1,203,213,177
Reed,13-0215,#C3D3A8,195,211,168
Seedling,14-0217,#C0CBA1,192,203,161
Foam Green,14-0115,#B4C79C,180,199,156
Lily Green,13-0317,#C5CF98,197,207,152
Beechnut,14-0425,#C2C18D,194,193,141
Nile,14-0223,#B4BB85,180,187,133
Sweet Pea,15-0531,#A3A969,163,169,105
Spinach Green,16-0439,#909B4C,144,155,76
Fern,16-0430,#9AA067,154,160,103
Green Olive,17-0535,#8D8B55,141,139,85
Epsom,17-0324,#849161,132,145,97
Grasshopper,18-0332,#77824A,119,130,74
Turtle Green,17-0330,#81894E,129,137,78
Calliste Green,18-0324,#757A4E,117,122,78
Calla Green,18-0435,#6A6F34,106,111,52
Cedar Green,18-0328,#5E6737,94,103,55
Pesto,18-0228,#595F34,89,95,52
Tarragon,15-0326,#A4AE77,164,174,119
Sage,16-0421,#91946E,145,148,110
Iguana,18-0525,#818455,129,132,85
Oil Green,17-0115,#80856D,128,133,109
Loden Green,18-0422,#6E7153,110,113,83
Capulet Olive,18-0426,#656344,101,99,68
Olivine,18-0316,#666B54,102,107,84
Lint,14-0216,#B6BA99,182,186,153
Pale Olive Green,15-0522,#B5AD88,181,173,136
Sage Green,15-0318,#B2AC88,178,172,136
Gray Green,16-0518,#A49A79,164,154,121
Sponge,16-1118,#A49775,164,151,117
Mermaid,17-0618,#817A65,129,122,101
Dusky Green,17-0517,#746C57,116,108,87
Tea,16-0213,#999B85,153,155,133
Silver Sage,17-0510,#938B78,147,139,120
Slate Green,16-0713,#A0987C,160,152,124
Elm,16-0613,#A39F86,163,159,134
Mosstone,17-0525,#858961,133,137,97
Aloe,17-0620,#817A60,129,122,96
Olive Drab,18-0622,#756D47,117,109,71
Cedar,16-0526,#928E64,146,142,100
Boa,17-0625,#8E855F,142,133,95
Dried Herb,17-0627,#847A59,132,122,89
Olive Branch,18-0527,#646A45,100,106,69
Lizard,18-0629,#71643E,113,100,62
Avocado,18-0430,#676232,103,98,50
Fir Green,18-0627,#67592A,103,89,42
Bog,14-0418,#BAB696,186,182,150
Elmwood,17-1019,#8C7C61,140,124,97
Gothic Olive,18-0724,#7C6E4F,124,110,79
Butternut,18-0830,#7A643F,122,100,63
Nutria,18-0825,#75663E,117,102,62
Military Olive,19-0622,#63563B,99,86,59
Dark Olive,19-0516,#574D35,87,77,53
Moss Gray,15-6410,#AFAB97,175,171,151
Abbey Stone,14-6408,#ABA798,171,167,152
Burnt Olive,18-0521,#646049,100,96,73
Dusty Olive,18-0515,#646356,100,99,86
Ivy Green,19-0512,#585442,88,84,66
Olive Night,19-0515,#535040,83,80,64
Grape Leaf,19-0511,#545144,84,81,68
Porpoise,15-3800,#A7A19E,167,161,158
Satellite,16-3800,#9F8D89,159,141,137
Driftwood,18-1210,#847A75,132,122,117
Falcon,18-1304,#6D625B,109,98,91
Morel,19-0808,#685C53,104,92,83
Fallen Rock,18-1108,#807669,128,118,105
Vintage Khaki,16-0205,#9A9186,154,145,134
Crockery,16-1104,#A49887,164,152,135
Greige,16-1109,#928475,146,132,117
Desert Taupe,17-1311,#8D7E71,141,126,113
White Pepper,15-1307,#B6A893,182,168,147
Humus,15-1304,#B7A793,183,167,147
Portabella,17-1316,#937B6A,147,123,106
Caribou,18-1017,#816D5E,129,109,94
Travertine,15-1114,#AE997D,174,153,125
Starfish,16-1120,#B09A77,176,154,119
Semolina,15-1218,#CEB899,206,184,153
Curds And Whey,16-0920,#BCA483,188,164,131
Tigers Eye,17-1038,#977C61,151,124,97
Toasted Coconut,18-1029,#8B6A4F,139,106,79
Rain Drum,19-0916,#5F4C40,95,76,64
Pear Sorbet,11-0615,#F3EAC3,243,234,195
Pineapple Slice,12-0718,#E7D391,231,211,145
Yarrow,12-0758,#FACE6D,250,206,109
Anise Flower,12-0717,#F4E3B5,244,227,181
Flan,11-0619,#F6E3B4,246,227,180
Sundress,12-0729,#EBCF89,235,207,137
Macadamia,12-0709,#E4CFB6,228,207,182
Lemon Meringue,12-0711,#F6E199,246,225,153
Yellow Iris,11-0622,#EEE78E,238,231,142
Goldfinch,12-0737,#F8DC6C,248,220,108
Lemon Zest,13-0756,#F9D857,249,216,87
Solar Power,13-0759,#F4BF3A,244,191,58
Samoan Sun,14-0851,#FBC85F,251,200,95
Desert Sun,16-1149,#C87629,200,118,41
Pumpkin Spice,18-1163,#A05C17,160,92,23
Orange Pepper,16-1164,#DF7500,223,117,0
Marmalade,17-1140,#C16512,193,101,18
Hawaiian Sunset,18-1249,#BB5C14,187,92,20
Autumnal,17-1342,#A15325,161,83,37
Umber,18-1246,#944A1F,148,74,31
Exuberance,17-1349,#E86800,232,104,0
Puffins Bill,16-1363,#E95C20,233,92,32
Caramel Cafe,18-1148,#864C24,134,76,36
Gold Flame,16-1449,#B45422,180,84,34
Cinnamon Stick,18-1345,#9B4722,155,71,34
Potters Clay,18-1340,#9E4624,158,70,36
Rooibos Tea,18-1355,#A23C26,162,60,38
Celosia Orange,17-1360,#E8703A,232,112,58
Orangeade,17-1461,#E2552C,226,85,44
Pureed Pumpkin,17-1449,#C34121,195,65,33
Tangerine Tango,17-1463,#DD4124,221,65,36
Poinciana,18-1564,#CA3422,202,52,34
Koi,17-1452,#D15837,209,88,55
Samba,19-1662,#A2242F,162,36,47
Barbados Cherry,19-1757,#AA0A27,170,10,39
Haute Red,19-1758,#A11729,161,23,41
Salsa,18-1657,#AA182B,170,24,43
Scarlet Sage,19-1559,#9D202F,157,32,47
Scooter,19-1863,#941E32,148,30,50
Red Dahlia,19-1555,#7D2027,125,32,39
Sun Dried Tomato,19-1531,#752329,117,35,41
Fired Brick,19-1337,#6A2E2A,106,46,42
Rhubarb,19-1652,#77202F,119,32,47
Syrah,19-1535,#6A282C,106,40,44
Pomegranate,19-1930,#6C2831,108,40,49
Cabernet,19-1724,#64242E,100,36,46
Ballerina,13-2807,#F2CFDC,242,207,220
Fairy Tale,13-2802,#F2C1D1,242,193,209
Etherea,15-1506,#A5958F,165,149,143
Foxglove,16-1710,#B98391,185,131,145
Mesa Rose,17-1609,#A66E7A,166,110,122
Jazzy,18-1950,#B61C50,182,28,80
Granita,19-2039,#A52350,165,35,80
Cherries Jubilee,19-2041,#A22452,162,36,82
Cabaret,18-2140,#CB3373,203,51,115
Vivacious,19-2045,#A32857,163,40,87
Bellflower,18-3628,#9469A2,148,105,162
English Lavender,17-3617,#9D7BB0,157,123,176
Rhapsody,16-3817,#9F86AA,159,134,170
Acai,19-3628,#46295A,70,41,90
Tillandsia Purple,19-3638,#563474,86,52,116
Picasso Lily,18-3635,#634878,99,72,120
Mystical,18-3620,#5F4E72,95,78,114
Icelandic Blue,15-3908,#A9ADC2,169,173,194
Aleutian,15-3912,#9A9EB3,154,158,179
Silver Bullet,17-3933,#81839A,129,131,154
Blue Granite,18-3933,#717388,113,115,136
Evening Blue,19-3815,#2A293E,42,41,62
Deep Well,19-3713,#2C2A33,44,42,51
Night Sky,19-3924,#2A2A35,42,42,53
Blue Heron,16-3921,#96A3C7,150,163,199
Hydrangea,16-4030,#849BCC,132,155,204
Xenon Blue,14-3949,#B7C0D7,183,192,215
Brunnera Blue,16-3922,#9BA9CA,155,169,202
Sky Captain,19-3922,#262934,38,41,52
Navy Blazer,19-3923,#282D3C,40,45,60
Dark Sapphire,19-4020,#262B37,38,43,55
Plein Air,13-4111,#BFCAD6,191,202,214
Halogen Blue,13-3920,#BDC6DC,189,198,220
Chambray Blue,15-4030,#9EB4D3,158,180,211
Bel Air Blue,15-3932,#819AC1,129,154,193
Vintage Indigo,19-3929,#4A556B,74,85,107
Sodalite Blue,19-3953,#253668,37,54,104
Parisian Night,19-4022,#323441,50,52,65
Monaco Blue,19-3964,#274374,39,67,116
Vallarta Blue,18-4034,#30658E,48,101,142
Salute,19-4011,#282B34,40,43,52
Outer Space,19-4009,#2F3441,47,52,65
Blueberry,19-4021,#2C333E,44,51,62
Carbon,19-4012,#272F38,39,47,56
Vulcan,19-4218,#2D3036,45,48,54
Omphalodes,13-4200,#B5CEDF,181,206,223
Cool Blue,14-4317,#A5C5D9,165,197,217
Bering Sea,18-4028,#4B5B6E,75,91,110
Blue Wing Teal,19-4121,#2C4053,44,64,83
Poseidon,19-4033,#123955,18,57,85
Mykonos Blue,18-4434,#005780,0,87,128
Reflecting Pond,19-4326,#203E4A,32,62,74
Corydalis Blue,14-4311,#A9CADA,169,202,218
Blue Topaz,14-4310,#78BDD4,120,189,212
Gulf Stream,14-4511,#88C3D0,136,195,208
Aquarelle,15-4714,#61AAB1,97,170,177
Aqua Splash,14-4812,#85CED1,133,206,209
Botanical Garden,19-5220,#12403C,18,64,60
Scarab,19-5350,#23312D,35,49,45
Nimbus Cloud,13-4108,#D5D5D8,213,213,216
Micro Chip,14-4105,#BABCC0,186,188,192
Wet Weather,16-5101,#929090,146,144,144
Titanium,17-4014,#807D7F,128,125,127
December Sky,18-4016,#767275,118,114,117
Pavement,19-3900,#524D50,82,77,80
Magnet,19-3901,#4D4B4F,77,75,79
Silver Sconce,16-3850,#A19FA5,161,159,165
Silver Filigree,17-3911,#7F7C81,127,124,129
Quicksilver,17-3907,#7E7D88,126,125,136
Storm Front,17-1503,#787376,120,115,118
Tornado,18-3907,#5E5B60,94,91,96
Eiffel Tower,18-5210,#5C5658,92,86,88
Graphite,19-3927,#3B3B48,59,59,72
Alloy,16-3915,#98979A,152,151,154
Sleet,16-3916,#92949B,146,148,155
Tradewinds,15-4307,#7F8793,127,135,147
Grisaille,18-3912,#585E6F,88,94,111
Periscope,19-3918,#46444C,70,68,76
Quiet Shade,18-4006,#66676D,102,103,109
Turbulence,19-4215,#4E545B,78,84,91
Stormy Weather,18-4214,#58646D,88,100,109
Iron Gate,19-3910,#4E5055,78,80,85
Forged Iron,19-3907,#48464A,72,70,74
Asphalt,19-0201,#434447,67,68,71
Ghost Gray,16-4703,#9C9B98,156,155,152
Brushed Nickel,18-5102,#73706F,115,112,111
Mourning Dove,16-4400,#94908B,148,144,139
Belgian Block,15-4306,#A3A9A6,163,169,166
Agave Green,18-5806,#6B7169,107,113,105
Cilantro,19-5621,#43544B,67,84,75
Pine Grove,19-5406,#213631,33,54,49
Eden,19-6050,#264E36,38,78,54
Jolly Green,18-6030,#007844,0,120,68
Mountain View,19-5918,#2E3D30,46,61,48
Margarita,14-0116,#B5C38E,181,195,142
Winter Moss,18-0523,#5B5A41,91,90,65
Climbing Ivy,19-0307,#444940,68,73,64
Delicioso,19-0840,#3F352F,63,53,47
Mulch,19-0910,#433937,67,57,55
Mole,19-1106,#392D2B,57,45,43
Chocolate Torte,19-1109,#382E2D,56,46,45
Ganache,19-1018,#34292A,52,41,42
Black Bean,19-3909,#2E272A,46,39,42
Espresso,19-1103,#363031,54,48,49
Meteorite,19-4008,#2B2929,43,41,41
Tap Shoe,19-4004,#2A2B2D,42,43,45
White Alyssum,11-1001,#EFEBE7,239,235,231
Jet Stream,11-0605,#EDE6DE,237,230,222
Sweet Corn,11-0106,#F0EAD6,240,234,214
Buttercream,11-0110,#EFE0CD,239,224,205
Lemon Icing,11-0515,#F6EBC8,246,235,200
Sugar Swizzle,11-0607,#F3EEE7,243,238,231
Coconut Milk,11-0608,#F0EDE5,240,237,229
Yellow Pear,11-0623,#ECE99B,236,233,155
Sea Salt,11-1302,#F1E6DE,241,230,222
Brilliant White,11-4001,#EDF1FE,237,241,254
Cannoli Cream,11-4302,#F0EFE2,240,239,226
Tofu,11-4801,#E8E3D9,232,227,217
Pistachio Shell,12-0110,#D7CFBB,215,207,187
Celandine,12-0646,#EBDF67,235,223,103
Lemon Verbena,12-0742,#F3E779,243,231,121
Creme De Peche,12-1110,#F5D6C6,245,214,198
Marys Rose,12-1813,#F7D1D4,247,209,212
Morganite,12-2901,#DFCDC6,223,205,198
Rose Water,12-2907,#F8E0E7,248,224,231
Almond Milk,12-4301,#D6CEBE,214,206,190
Lime Popsicle,13-0443,#C0DB3A,192,219,58
Golden Kiwi,13-0644,#F3DD3E,243,221,62
Meadowlark,13-0646,#EAD94E,234,217,78
Evening Primrose,13-0651,#CCDB1E,204,219,30
Habanero Gold,13-0849,#FED450,254,212,80
Minion Yellow,13-0851,#FED55D,254,213,93
Soybean,13-0919,#D2C29D,210,194,157
Jurassic Gold,13-0946,#E7AA56,231,170,86
Brown Rice,13-1105,#C7BBA4,199,187,164
Peach Quartz,13-1125,#F5B895,245,184,149
Peachy Keen,13-1208,#E2BDB3,226,189,179
Brazilian Sand,13-1308,#DACAB7,218,202,183
Pink Salt,13-1511,#F7CDC7,247,205,199
Rose Quartz,13-1520,#F7CAC9,247,202,201
Ballet Slipper,13-2808,#EBCED5,235,206,213
Cherry Blossom,13-3207,#F7CEE0,247,206,224
Antarctica,13-4104,#C6C5C6,198,197,198
Oyster Mushroom,13-4201,#C3C6C8,195,198,200
Tanager Turquoise,13-4720,#91DCE8,145,220,232
Limpet Shell,13-4810,#98DDDE,152,221,222
Iced Aqua,13-5410,#ABD3DB,171,211,219
Acid Lime,14-0340,#BADF30,186,223,48
Spicy Mustard,14-0952,#D8AE47,216,174,71
Kumquat,14-1052,#FBAA4C,251,170,76
Irish Cream,14-1208,#C0AC92,192,172,146
Orange Chiffon,14-1241,#F9AA7D,249,170,125
Hazelnut,14-1315,#CFB095,207,176,149
Sepia Rose,14-1803,#D4BAB6,212,186,182
Raindrops,14-3906,#B1AAB3,177,170,179
Zen Blue,14-3912,#9FA9BE,159,169,190
Quiet Gray,14-4107,#B9BABD,185,186,189
Airy Blue,14-4122,#92B6D5,146,182,213
Harbor Mist,14-4202,#AFB1B4,175,177,180
Sea Angel,14-4315,#98BFCA,152,191,202
Baltic Sea,14-4320,#79B5DB,121,181,219
Antigua Sand,14-4615,#83C2CD,131,194,205
Island Paradise,14-4620,#95DEE3,149,222,227
Tibetan Stone,14-4710,#82C2C7,130,194,199
Mango Mojito,15-0960,#D69C2F,214,156,47
Ginger Root,15-1020,#BFA58A,191,165,138
Iced Coffee,15-1040,#B18F6A,177,143,106
Autumn Blaze,15-1045,#D9922E,217,146,46
Golden Orange,15-1051,#D7942D,215,148,45
Porcini,15-1125,#CCA580,204,165,128
Iceland Poppy,15-1151,#F4963A,244,150,58
Papaya,15-1243,#FEA166,254,161,102
Carrot Curl,15-1262,#FE8C18,254,140,24
Turmeric,15-1264,#FE840E,254,132,14
Tangelo,15-1335,#FE7E03,254,126,3
Fenugreek,15-1425,#C0916C,192,145,108
Dusted Clay,15-1429,#CC7357,204,115,87
Pastry Shell,15-1430,#BD8C66,189,140,102
Blooming Dahlia,15-1520,#EB9687,235,150,135
Crocus Petal,15-3520,#B99BC5,185,155,197
Purple Rose,15-3716,#B09FCA,176,159,202
Lilac Breeze,15-3720,#B3A0C9,179,160,201
Serenity,15-3919,#91A8D0,145,168,208
Crystal Seas,15-4428,#5DAFCE,93,175,206
Golden Lime,16-0543,#9A9738,154,151,56
Split Pea,16-0545,#9C9A40,156,154,64
Lentil Sprout,16-0550,#ABA44D,171,164,77
Pure Cashmere,16-1103,#ADA396,173,163,150
Sun Baked,16-1345,#D27F63,210,127,99
Peach Caramel,16-1347,#C5733D,197,115,61
Tomato Cream,16-1348,#C57644,197,118,68
Orange Tiger,16-1358,#F96714,249,103,20
Meerkat,16-1438,#A46F44,164,111,68
Exotic Orange,16-1453,#F96531,249,101,49
Dragon Fire,16-1460,#FC642D,252,100,45
Coral Quartz,16-1545,#F77464,247,116,100
Peach Echo,16-1548,#F7786B,247,120,107
Purple Dove,16-1606,#98878C,152,135,140
Sand Verbena,16-3720,#9F90C1,159,144,193
Lilac Gray,16-3905,#9896A4,152,150,164
Granada Sky,16-4033,#5D81BB,93,129,187
Tree House,17-0630,#988C75,152,140,117
Chai Tea,17-0949,#B1832F,177,131,47
Roasted Pecan,17-1052,#93592B,147,89,43
Roasted Cashew,17-1105,#918579,145,133,121
Winter Twig,17-1108,#948A7A,148,138,122
Petrified Oak,17-1115,#8D7960,141,121,96
Argan Oil,17-1142,#8B593E,139,89,62
Autumn Maple,17-1145,#C46215,196,98,21
Sepia Tint,17-1314,#897560,137,117,96
Spice Route,17-1345,#B95B3F,185,91,63
Scarlet Ibis,17-1361,#F45520,244,85,32
Summer Fig,17-1450,#BE4B3B,190,75,59
Moonscape,17-1708,#725F69,114,95,105
Fruit Dove,17-1926,#CE5B78,206,91,120
Pink Yarrow,17-2034,#CE3175,206,49,117
Toadstool,17-2411,#988088,152,128,136
Bodacious,17-3240,#B76BA3,183,107,163
Diffused Orchid,17-3520,#9879A2,152,121,162
Fairy Wren,17-3640,#9479AF,148,121,175
Sunlit Allium,17-3735,#9787BB,151,135,187
Sharkskin,17-3914,#838487,131,132,135
Pale Iris,17-3929,#8895C5,136,149,197
Iolite,17-3940,#707BB4,112,123,180
Gray Flannel,17-4016,#848182,132,129,130
Riverside,17-4028,#4C6A92,76,106,146
Quiet Harbor,17-4029,#5A789A,90,120,154
Lichen Blue,17-4032,#5D89B3,93,137,179
Pacific Coast,17-4033,#5480AC,84,128,172
Ibiza Blue,17-4245,#007CB7,0,124,183
Navagio Bay,17-4429,#3183A0,49,131,160
Barrier Reef,17-4530,#0084A1,0,132,161
Guacamole,17-0530,#797B3A,121,123,58
Kale,18-0107,#5A7247,90,114,71
Mayfly,18-0220,#65663F,101,102,63
Twist Of Lime,18-0330,#4E632C,78,99,44
Martini Olive,18-0625,#716A4D,113,106,77
Emperador,18-1028,#684832,104,72,50
Thai Curry,18-1049,#AB6819,171,104,25
Honey Ginger,18-1050,#A86217,168,98,23
Sugar Almond,18-1155,#935529,147,85,41
Spiced Apple,18-1325,#783937,120,57,55
Chili Oil,18-1440,#8E3C36,142,60,54
Plum Truffle,18-1506,#675657,103,86,87
Brandy Brown,18-1541,#73362A,115,54,42
Valiant Poppy,18-1549,#BC322C,188,50,44
Aura Orange,18-1551,#B4262A,180,38,42
Toreador,18-1653,#B61032,182,16,50
Lychee,18-1654,#BA0B32,186,11,50
Goji Berry,18-1659,#B91228,185,18,40
Arctic Dusk,18-1705,#735B6A,115,91,106
Ephemera,18-1708,#6F5965,111,89,101
Jalapeno Red,18-1759,#B2103C,178,16,60
Love Potion,18-1951,#C01352,192,19,82
Pink Peacock,18-2045,#C62168,198,33,104
Grape Kiss,18-3014,#7B4368,123,67,104
Willowherb,18-3120,#8E4483,142,68,131
Charisma,18-3340,#632A60,99,42,96
Plum Jam,18-3521,#624076,98,64,118
Lavender Crystal,18-3530,#936A98,147,106,152
Purple Sapphire,18-3540,#6F4685,111,70,133
Chive Blossom,18-3634,#7D5D99,125,93,153
Purple Corallite,18-3839,#5A4E8F,90,78,143
Volcanic Glass,18-3908,#615C60,97,92,96
Gray Blue,18-3917,#4D587A,77,88,122
Blue Horizon,18-3929,#4E6482,78,100,130
Iris Bloom,18-3950,#5B609E,91,96,158
Nebulas Blue,18-4048,#2D62A3,45,98,163
Indigo Bunting,18-4250,#006CA9,0,108,169
Fjord Blue,18-4430,#007290,0,114,144
Hawaiian Surf,18-4538,#0078A7,0,120,167
Tahitian Tide,18-4630,#006B7E,0,107,126
Quetzal Green,18-5025,#006865,0,104,101
Granite Gray,18-5204,#615E5F,97,94,95
Lush Meadow,18-5845,#006E51,0,110,81
Gray Pinstripe,19-0203,#49494D,73,73,77
Sea Turtle,19-0403,#5E5749,94,87,73
Deep Depths,19-0413,#46483C,70,72,60
Kalamata,19-0510,#5F5B4C,95,91,76
Crocodile,19-0823,#5D5348,93,83,72
Chocolate Plum,19-1110,#3C2D2E,60,45,46
Chocolate Lab,19-1214,#5C3E35,92,62,53
Shaved Chocolate,19-1215,#543B35,84,59,53
Fondue Fudge,19-1224,#5D4236,93,66,54
Tiramisu,19-1233,#634235,99,66,53
Rocky Road,19-1234,#5A3E36,90,62,54
Chicory Coffee,19-1419,#4A342E,74,52,46
Smoked Paprika,19-1429,#6E362C,110,54,44
Chocolate Fondant,19-1432,#56352D,86,53,45
Cherry Mahogany,19-1435,#66352B,102,53,43
Merlot,19-1534,#72262C,114,38,44
Red Pear,19-1536,#7B3539,123,53,57
Pickled Beet,19-2420,#4D233D,77,35,61
Plum Caspia,19-2429,#61224A,97,34,74
Winter Bloom,19-2620,#47243B,71,36,59
Spiced Plum,19-3425,#6D4773,109,71,115
Violet Indigo,19-3750,#3E285C,62,40,92
Maritime Blue,19-3831,#27293D,39,41,61
Obsidian,19-3902,#3A363B,58,54,59
Black Beauty,19-3911,#26262A,38,38,42
Blackened Pearl,19-3917,#4D4B50,77,75,80
Odyssey Gray,19-3930,#434452,67,68,82
Black Onyx,19-4003,#2B272B,43,39,43
Navy Peony,19-4029,#223A5E,34,58,94
Sargasso Sea,19-4031,#35435A,53,67,90
Sailor Blue,19-4034,#0E3A53,14,58,83
Gibraltar Sea,19-4038,#123850,18,56,80
Lapis Blue,19-4045,#004B8D,0,75,141
Baleine Blue,19-4048,#155187,21,81,135
Galaxy Blue,19-4055,#2A4B7C,42,75,124
Blue Opal,19-4120,#0F3B57,15,59,87
Moonlit Ocean,19-4122,#293B4D,41,59,77
Deep Dive,19-4126,#29495C,41,73,92
Crystal Teal,19-4536,#00637C,0,99,124
Deep Lagoon,19-4540,#005265,0,82,101
Sea Moss,19-5030,#254445,37,68,69
Forest Biome,19-5230,#184A45,24,74,69
Rain Forest,19-5232,#15463E,21,70,62
Lucent White,11-0700,#F4F7FF,244,247,255
Sheer Bliss,13-1104,#DBCABA,219,202,186
Ancient Scroll,13-0404,#CBC3B7,203,195,183
White Onyx,12-4300,#D7D6CE,215,214,206
Perfectly Pale,13-0003,#D3C9BE,211,201,190
French Oak,13-0400,#CBC1B3,203,193,179
Lemon Pepper,16-1119,#A1947D,161,148,125
Fields of Rye,15-1115,#B7A990,183,169,144
Savannah Tan,16-1213,#A69483,166,148,131
Weathered Teak,17-1112,#9B8F7F,155,143,127
Trench Coat,16-1101,#AA9D89,170,157,137
Mountain Trail,17-0807,#897569,137,117,105
Leafless Tree,17-1412,#837067,131,112,103
Almond Peach,12-1406,#D8C8BD,216,200,189
Nacreous Clouds,15-4504,#B9B1AB,185,177,171
Island Fossil,16-1102,#B4AA9C,180,170,156
Mocha Meringue,16-1211,#9F8D81,159,141,129
Brown Lentil,17-1409,#7E695F,126,105,95
Silent Storm,17-1508,#7C7977,124,121,119
Northern Droplet,14-4104,#BABEBF,186,190,191
Ultimate Gray,17-5104,#939597,147,149,151
Chiseled Stone,16-3917,#8D8E92,141,142,146
Weathervane,15-4304,#8B9198,139,145,152
Night Owl,18-4017,#79797F,121,121,127
Lava Smoke,18-0202,#5E6064,94,96,100
Poppy Seed,18-4004,#626367,98,99,103
Forest River,19-4405,#33393B,51,57,59
Formal Gray,16-5102,#979799,151,151,153
Woodland Gray,19-5002,#383D3F,56,61,63
Mockingbird,18-4015,#77777A,119,119,122
Unexplored,19-5005,#3B3D3C,59,61,60
Skyrocket,17-3913,#86868C,134,134,140
Gray Quill,17-4013,#7B797B,123,121,123
Black Sand,19-4406,#3C3E40,60,62,64
Bristol Black,19-1100,#3B3739,59,55,57
Thunderstorm,18-5206,#5B585A,91,88,90
Volcanic Ash,19-3912,#484849,72,72,73
City Skyline,18-4010,#6F6C70,111,108,112
Boulevard,18-3906,#575358,87,83,88
Black Oyster,19-0205,#414143,65,65,67
Redwood Burl,18-1432,#9B574B,155,87,75
Imperial Topaz,18-1243,#875341,135,83,65
Maple Syrup,18-1341,#884D40,136,77,64
Brandy Snifter,18-1323,#7E3F3A,126,63,58
Roasted Russet,19-1541,#7A3B31,122,59,49
Brown Out,19-1428,#714439,113,68,57
Cambridge Brown,19-1242,#6F4433,111,68,51
Coca Mocha,18-1019,#856A57,133,106,87
Coffee Quartz,18-1307,#695650,105,86,80
Cocoa,19-1119,#594536,89,69,54
Downtown Brown,19-1223,#5E3F32,94,63,50
Chocolate Martini,19-1216,#56443F,86,68,63
Hot Fudge,19-0913,#493A35,73,58,53
Cinnamon Swirl,17-1324,#9C7961,156,121,97
Affogat,17-1318,#A28774,162,135,116
Sinopia Fresco,17-1317,#917567,145,117,103
Chocolate Malt,18-1324,#907162,144,113,98
Nuthatch,18-1024,#815B3C,129,91,60
Pecan Pie,18-1125,#7B5947,123,89,71
Macchiato,17-1221,#AC8266,172,130,102
Sorrel Horse,19-1227,#6B4331,107,67,49
Soft Silt,18-1232,#6D4D3E,109,77,62
Myristica,18-1422,#846157,132,97,87
Slightly Pink,11-1006,#EDE4DF,237,228,223
Coconut Cream,11-1007,#EEE0DC,238,224,220
Salsa Rosa,12-1105,#F3DBD3,243,219,211
Red Alert,18-1559,#D0342C,208,52,44
Rubicondo,18-1563,#BB3339,187,51,57
Fire Whirl,18-1453,#A73730,167,55,48
Adrenaline Rush,18-1553,#B31A23,179,26,35
Urban Red,19-1756,#B01F32,176,31,50
Lava Falls,18-1552,#9A2B2E,154,43,46
Equestrian Red,19-1755,#9E1528,158,21,40
Savvy Red,19-1554,#951528,149,21,40
Karanda Red,19-1657,#8C2A37,140,42,55
Emboldened,19-1875,#8E1F2C,142,31,44
Scarlet Smile,19-1558,#9F2436,159,36,54
Winery,19-1537,#7E212A,126,33,42
Rhythmic Red,19-1653,#8C2230,140,34,48
New Maroon,19-1527,#6B3339,107,51,57
Mangano Calcite,13-1501,#F5D4CD,245,212,205
Carinaria,12-1303,#F4DDDF,244,221,223
First Blush,13-2003,#F7C0BF,247,192,191
Tickled Pink,14-1910,#F7B9C2,247,185,194
Pale Rosette,13-1716,#FFBBB9,255,187,185
Flamingo Plume,16-1615,#DE838D,222,131,141
Dianthus,15-1919,#FC97A5,252,151,165
Murex Shell,15-1712,#F8A3A4,248,163,164
Pink Dolphin,14-1904,#E8AFB6,232,175,182
Barely There,13-2007,#E6C4C5,230,196,197
Tender Touch,12-2807,#F3D4DF,243,212,223
Festival Bloom,12-2908,#F5D6E6,245,214,230
Calcite,11-2509,#EBDBE1,235,219,225
Pink-a-boo,13-2801,#F7CDDB,247,205,219
Sweet Dreams,13-2809,#EFBED4,239,190,212
Bleached Mauve,14-2304,#D5ADB8,213,173,184
Pinkesque,12-1808,#F7C9CF,247,201,207
Romance Rose,13-2008,#E8B4C2,232,180,194
Corsage,14-3203,#DBB4C8,219,180,200
Pirouette,14-3205,#EDBEDC,237,190,220
Pink Tulle,13-2800,#F0C9E1,240,201,225
Flowering Ginger,15-1915,#EB7C96,235,124,150
Plumeria,15-1822,#FB90A2,251,144,162
Coral Paradise,17-1746,#F05E73,240,94,115
Nosegay,14-2806,#F0BDD5,240,189,213
Party Punch,17-1741,#C54966,197,73,102
Pink Frosting,15-2218,#F1A9CB,241,169,203
Bonbon,15-2213,#F1A6CC,241,166,204
Winterberry,17-1640,#BE394F,190,57,79
Pink Power,16-2118,#D56793,213,103,147
Watermelon,18-1665,#C63A4F,198,58,79
Gin Fizz,17-2519,#CB5B8A,203,91,138
Rethink Pink,17-1739,#C63C5F,198,60,95
Viva Magenta,18-1750,#BB2649,187,38,73
Fiji Flower,17-2623,#CA669D,202,102,157
Pink Cosmos,16-2122,#F07BA5,240,123,165
Strawberry Moon,17-2619,#D96BA1,217,107,161
Sangria Sunset,17-2235,#E96393,233,99,147
Fuchsia Fedora,18-2330,#CA4286,202,66,134
Cone Flower,17-2521,#C35989,195,89,137
Rose Sorbet,18-2615,#A3497C,163,73,124
Innuendo,18-2042,#C43362,196,51,98
Raspberry Coulis,18-1722,#833A5B,131,58,91
Phalaenopsis,15-3216,#D39FC8,211,159,200
First Bloom,16-3321,#B977AE,185,119,174
Pale Pansy,17-3310,#B380AA,179,128,170
Liatris,17-3320,#A8639C,168,99,156
Cattleya Orchid,18-3223,#9C4C8D,156,76,141
Beautyberry,18-3024,#88447B,136,68,123
Maroon Banner,19-1529,#5B2B38,91,43,56
Deja Vu Blue,19-4041,#2E5283,46,82,131
Super Sonic,18-4143,#3073B7,48,115,183
Bluing,19-3954,#333E83,51,62,131
Beaucoup Blue,19-4058,#32508E,50,80,142
Nouvean Navy,19-4054,#3A5589,58,85,137
Ashleigh Blue,16-4018,#6B86AA,107,134,170
Blissful Blue ,16-4121,#7198BB,113,152,187
Cyaneus,18-4035,#557EA2,85,126,162
Wave Ride,17-4129,#2D80A7,45,128,167
Sea of Belize,18-4037,#296C97,41,108,151
Baby Lavender,16-3923,#A2A9D1,162,169,209
Windsurfer,15-4031,#A3BBE0,163,187,224
Ice Water,13-4202,#BFD5EB,191,213,235
Blue Jasper,18-4033,#527EA9,82,126,169
Frozen Fjord,15-3917,#89A5CB,137,165,203
Nantucket Breeze,14-4005,#B7D1EA,183,209,234
High Tide,18-4022,#345E8B,52,94,139
Dutch Canal,14-4124,#96BAE0,150,186,224
Set Sail,19-4042,#284972,40,73,114
Open Air,15-3922,#94B2DF,148,178,223
Azurine,16-4029,#7291C1,114,145,193
All Aboard,17-4140,#5C97CB,92,151,203
Big Dipper,19-4117,#354253,53,66,83
Ebb and Flow,18-3936,#5E79A8,94,121,168
Ice Melt,13-4306,#D3E4F1,211,228,241
Ancient Water,12-4108,#CCD6E6,204,214,230
Skywriting,13-4302,#C5D1DD,197,209,221
Niagara Mist,14-4211,#ABB9C9,171,185,201
Rain Washed,16-4023,#8192AB,129,146,171
Wild Wind,17-3912,#657088,101,112,136
Soft Chambray,16-4016,#91A5BE,145,165,190
Troposphere,17-3926,#76849B,118,132,155
Endless Sky,16-4022,#7E95B5,126,149,181
Blue Blizzard,15-4009,#939EB3,147,158,179
Bluefin,18-3919,#536679,83,102,121
Oceana,19-3934,#3C4862,60,72,98
Naval Academy,19-3932,#2E344A,46,52,74
Bellwether Blue,19-3943,#23305B,35,48,91
Midnight Sail,19-3851,#323455,50,52,85
Beacon Blue,19-3942,#252A50,37,42,80
Ocean Cavern,19-3937,#252A48,37,42,72
Rhodonite,19-3838,#302C4D,48,44,77
Pageant Blue,19-4111,#1F2C43,31,44,67
Magical Forest,19-4908,#2E3C41,46,60,65
After Midnight,19-4109,#30343F,48,52,63
Stratified Sea,19-4112,#313F4A,49,63,74
Seaborne,19-4018,#2E2E3B,46,46,59
Sea Storm,19-4108,#323C46,50,60,70
Baritone Blue,19-3812,#272836,39,40,54
Overture,19-3944,#343646,52,54,70
Spellbound,19-4017,#333B4C,51,59,76
Inkwell,19-4016,#363945,54,57,69
Inkling,19-3811,#2F2C3F,47,44,63
Collegiate Blue ,19-4051,#323841,50,56,65
Polar Night,19-4105,#343540,52,53,64
Charcoal Art,19-3916,#38373D,56,55,61
Mountain Spring,17-4019,#7A92A5,122,146,165
Windward Blue,17-4018,#708497,112,132,151
Spring Lake,18-4221,#667E91,102,126,145
Blue Fusion,18-4218,#496275,73,98,117
Oceanview,18-3923,#4F677A,79,103,122
Key Largo,19-4129,#34465A,52,70,90
Titan,19-4128,#263B51,38,59,81
Country Air,12-4303,#CBD9E7,203,217,231
Delicate Blue,12-4202,#C2DAE8,194,218,232
Skyride,14-4215,#AFC3D3,175,195,211
Summer Song,14-4316,#A1C3DA,161,195,218
Clear Sky,14-4123,#9BBCD8,155,188,216
Subdued Blue,14-4209,#A4B4C6,164,180,198
Glacier Lake,16-4118,#81A0BA,129,160,186
Atomizer,14-4514,#9AD4EA,154,212,234
Tropical Breeze,13-4307,#88CDE7,136,205,231
Cooling Spray,13-4410,#C3E1EE,195,225,238
Splish Splash,16-4520,#69BBDD,105,187,221
Quiet Tide,13-4401,#C0E3F0,192,227,240
Spun Sugar,12-4401,#B4DCEA,180,220,234
Swim Cap,16-4526,#38A4D0,56,164,208
Saltwater Slide,12-4611,#CBE9F2,203,233,242
Waterspout,14-4618,#96D8DE,150,216,222
Aqua-esque,13-5411,#A3CCD6,163,204,214
Amazonite,14-4818,#77BABE,119,186,190
Blue Elixir,14-4515,#8DCCDD,141,204,221
Leisure Time,14-4815,#7FBFC5,127,191,197
Cabana Blue,14-4513,#76B5C7,118,181,199
Coastal Shade,15-4711,#6AA8AF,106,168,175
Sea Jet,15-4713,#54AFBC,84,175,188
Barbados Beach,15-4710,#63B7C5,99,183,197
Tahitian Teal,17-4725,#00899B,0,137,155
Ipanema,15-4716,#62BBC5,98,187,197
Exotic Plume,18-4631,#006E7F,0,110,127
Diaphonous,11-4607,#E7F4F2,231,244,242
Ice Castle,11-4606,#DAF2F1,218,242,241
Mint Julep,12-5208,#D1EFED,209,239,237
Salt Air,12-5207,#C9EDED,201,237,237
Spa Retreat,13-4908,#B4E8EC,180,232,236
Water Ballet,14-4715,#9FDFE4,159,223,228
Cooling Oasis,12-5302,#BAD7D9,186,215,217
Alexandrite,18-4835,#00666C,0,102,108
Kayaking,18-4833,#00656A,0,101,106
Spruced Up,19-4918,#075055,7,80,85
Chesapeake Bay,19-4534,#16525A,22,82,90
Green Heron,19-4727,#27535A,39,83,90
Gulf Coast,19-4523,#0A4F5C,10,79,92
Dark Sea,19-5025,#1D3F43,29,63,67
Water Garden,16-5426,#1BA491,27,164,145
Ocean Floor,17-5440,#00847A,0,132,122
Slushy,17-5730,#008A7A,0,138,122
Sporting Green,17-5527,#007667,0,118,103
Proud Peacock,18-5016,#006D65,0,109,101
Bear Grass,18-5425,#00695B,0,105,91
Aventurine,19-5421,#005348,0,83,72
Tea Leaf,18-0517,#616054,97,96,84
Mulled Basil,18-0514,#696B62,105,107,98
Forest Fog,17-0209,#909189,144,145,137
Kambaba,19-0404,#4C4D44,76,77,68
Dried Sage,17-0208,#8C8A7F,140,138,127
Chimera,19-0406,#4D4C47,77,76,71
Smokey Olive,18-0516,#6A685D,106,104,93
Frosted Mint,12-5703,#CDD4CB,205,212,203
Green Bee,17-6154,#008C4E,0,140,78
Rolling Hills,18-6028,#227949,34,121,73
First Tee,18-6031,#00723B,0,114,59
Green Tambourine,18-6033,#007449,0,116,73
Abundant Green,18-6026,#006339,0,99,57
Formal Garden,19-6350,#1F5129,31,81,41
Green Jacket,19-6027,#005D43,0,93,67
Salted Lime,17-0232,#60843C,96,132,60
Kelp Forest,17-0340,#728839,114,136,57
Minced Herb,17-0345,#6B8542,107,133,66
Banana Palm,18-0230,#4F6C35,79,108,53
Courtyard,18-0226,#3E5E32,62,94,50
Forest Elf,19-0231,#395228,57,82,40
Douglas Fir,19-0220,#36492E,54,73,46
Yellow Plum,13-0643,#D5D859,213,216,89
Fragile Sprout,15-0549,#B9BD2B,185,189,43
Kiwi Colada,14-0443,#BCCA25,188,202,37
White Grape,14-0442,#A6BE47,166,190,71
Titanite,16-0229,#8FAB3A,143,171,58
Spindle Tree,17-0332,#6D8F3E,109,143,62
Campsite,18-0323,#627C4C,98,124,76
Pear Liqueur,15-0542,#A29C1F,162,156,31
Pickled Pepper,16-0436,#9EA450,158,164,80
Grenoble Green,15-0544,#A2A524,162,165,36
Green Envy,16-0541,#A19436,161,148,54
Avocado Oil,16-0640,#9B892F,155,137,47
Lima Bean Green,18-0540,#828B33,130,139,51
Perfect Pear,16-0531,#919047,145,144,71
Camping Gear,16-0544,#97913A,151,145,58
Going Green,18-0530,#7C823F,124,130,63
Cardamom Seed,17-0529,#757331,117,115,49
Evergreen Sprig,16-0634,#8D8646,141,134,70
Peat Moss,18-0428,#6D6B3A,109,107,58
Golden Cypress,18-0537,#7D7F2E,125,127,46
Sphagnum,18-0529,#62633D,98,99,61
Overland Trek,17-0619,#898270,137,130,112
Moonstone,14-1026,#CCB584,204,181,132
Cartouche,17-1325,#A88968,168,137,104
Malt Ball,18-1014,#816852,129,104,82
Cocoa Creme,18-1020,#876D58,135,109,88
Foxtrot,18-1025,#8A6749,138,103,73
Sunstruck,13-0754,#F6CD4C,246,205,76
Yellow Balloon,13-0760,#F0CC4A,240,204,74
Beach Ball,14-0849,#F3C65F,243,198,95
Slicker,13-0749,#F1CD39,241,205,57
Daisy Daze,14-0751,#E9BE21,233,190,33
High Visibility,13-0751,#F1C700,241,199,0
Calendula,13-0757,#DFB136,223,177,54
Passion Fruit,14-0750,#DCC13A,220,193,58
Bumblebee,14-0958,#E7B200,231,178,0
Misted Marigold,14-0757,#E3BD33,227,189,51
Daylily,15-0956,#E9A900,233,169,0
Hot Spot,14-0758,#D7AC00,215,172,0
Symphonic Sunset,15-0954,#D79D00,215,157,0
Gold Flake,16-0748,#BC9312,188,147,18
Yellowtail,12-0735,#ECD966,236,217,102
Quince,13-0753,#E8D11F,232,209,31
Illuminating,13-0647,#F5DF4D,245,223,77
Incaberry,14-0745,#E2C207,226,194,7
Snake Eye,15-0635,#CCB932,204,185,50
Yellow Jasmine,15-0647,#CEB00D,206,176,13
Mango Mint,16-0838,#CDB127,205,177,39
Solitary Star,11-0108,#F3EBD6,243,235,214
Baby's Breath,11-0202,#E9E2D1,233,226,209
Arctic Wolf,12-0602,#E6DECF,230,222,207
Summer Sand,12-0908,#D6CBBA,214,203,186
Rose Bisque,12-1505,#ECD4D0,236,212,208
Pinkish Petals,12-2400,#E6D4D1,230,212,209
Raindrops on Roses,11-1400,#EBD8DB,235,216,219
Sweet Taffy,12-2900,#E3CBD5,227,203,213
Early Hours,13-2930,#D9C4CF,217,196,207
Flushing Pink,13-2705,#FBCBDA,251,203,218
Full Blooming Pink,14-2609,#DFA9C7,223,169,199
Rosy Touch,13-2009,#EEBABC,238,186,188
Pink Cherub,13-2016,#FBB3C1,251,179,193
Poignant Pink,14-1715,#E7A2AB,231,162,171
Pink Taffy,14-1816,#E99CAB,233,156,171
Thinking Pink,15-2122,#EE91A9,238,145,169
Pink Drink,14-2216,#F798B3,247,152,179
Rosy Future,15-1910,#F27D9B,242,125,155
Peach Adobe,13-1218,#FECAB7,254,202,183
Dusky Peach,13-1418,#EDB9A9,237,185,169
Peach Tree,13-1330,#FFBEA9,255,190,169
Peach Smoothie,14-1320,#F6A697,246,166,151
Honeyed Apricot,14-1430,#EFA794,239,167,148
Taste of Peach,14-1417,#E99F8A,233,159,138
Peach Infusion,14-1602,#E0998B,224,153,139
Whispering Peach,12-1015,#EDC7B7,237,199,183
Peach Mouse,12-1121,#FDCCB4,253,204,180
Peach Palazzo,13-1307,#FAB49F,250,180,159
Perfection Peach,14-1440,#FFB091,255,176,145
Peach Sorbet,14-1431,#FFA987,255,169,135
Melon Ice,14-1242,#FFAB81,255,171,129
Persian Melon,15-1232,#FDA56B,253,165,107
Creamed Corn,12-0730,#F6DE9E,246,222,158
Corn Confection,12-0640,#F5E381,245,227,129
Yellow Jasper,12-0719,#F6EE6F,246,238,111
Summer Sun,12-0650,#EEE137,238,225,55
Buzzing Bees,12-0743,#F4F28D,244,242,141
Corn Kernels,12-0723,#E2D988,226,217,136
Happy Hopes,12-0618,#E0D8A3,224,216,163
Snow Pear,12-0745,#E2ECA1,226,236,161
Minced Quince,12-0550,#DFEF7E,223,239,126
Pear Extract,12-0641,#DEEA77,222,234,119
Asian Pear,12-0430,#DAEF96,218,239,150
Grossular Green,12-0540,#DAE4A9,218,228,169
Citrus Essence,12-0549,#D3ED7C,211,237,124
Large Leafed Lime,14-0440,#C3CA52,195,202,82
Scenic Green,12-0230,#C1E3B9,193,227,185
Key Lime Pie,13-0216,#B1DA9D,177,218,157
Veiled Vista,12-6000,#C7E2C8,199,226,200
Tender Stem,12-0107,#BBDAC1,187,218,193
Frosted Lime,13-6226,#B1D9AC,177,217,172
Spring Leaf,14-0225,#9BCC96,155,204,150
Gremlin Green,14-0120,#8FC796,143,199,150
Greenish,12-5806,#C3E1CF,195,225,207
Serene Green,14-5710,#A6D3C0,166,211,192
Graciously Green,13-6010,#AADCC8,170,220,200
Clean Green,13-5615,#9CDCC3,156,220,195
Dreamy Green,13-5710,#91D7BB,145,215,187
Breezy Green,14-5828,#6ED0A9,110,208,169
Mentholated,15-5810,#61BD98,97,189,152
Dewdrops,13-5612,#A1DFD0,161,223,208
Ocean Air,13-5512,#A8D7CF,168,215,207
Aqua Frost,13-5320,#A0DAD1,160,218,209
Cool Caribbean,14-5618,#7EC4B7,126,196,183
Starling Egg,14-5612,#85C4B8,133,196,184
Frostbite,14-5412,#8DC7C0,141,199,192
Pool Cabana,14-5419,#74C1B6,116,193,182
Cyan Sea,14-5520,#7FC6C2,127,198,194
Dusky Aqua,14-5320,#68C3C0,104,195,192
Aqua Wash,14-5125,#4AC1BB,74,193,187
Rinsing Rivulet,14-4912,#5CC6C3,92,198,195
Aquacade,14-5117,#6FB5B5,111,181,181
Aquarium,15-5220,#59B3AE,89,179,174
Fluidity,15-4912,#62B4B8,98,180,184
Tinted Aqua,12-5211,#C0D7DC,192,215,220
Pure Pond,14-4716,#9DCFD8,157,207,216
Clear Tides,14-4714,#84D9E9,132,217,233
Water Sign,15-4512,#67B2BD,103,178,189
Coastal Waters,15-4719,#5DA6B1,93,166,177
Ocean Current,13-4520,#A0D4E9,160,212,233
Cooling Vapors,14-4509,#96C5DA,150,197,218
Blue Finch,13-4016,#BDCCE1,189,204,225
Sheer Blue,14-4111,#B1BFD1,177,191,209
Floaty Blue,14-4015,#AEC2DB,174,194,219
Blue Frost,14-4130,#A7C3E2,167,195,226
Polaris Star,15-3926,#90A9CE,144,169,206
Fairview Blue,15-3931,#8BA1C3,139,161,195
Mountain Bluebird,16-4039,#758FBF,117,143,191
Lavender Mittens,13-4005,#C2BCC6,194,188,198
Diaphanous Lilac,13-3905,#C5C1CC,197,193,204
Lilac Clematis,14-3915,#B2AFC7,178,175,199
Lacy Lilac,14-3926,#B2B1D2,178,177,210
Lavender Fields,14-3935,#ACAED1,172,174,209
Queen's Wreath,14-3813,#ADABC3,173,171,195
Lavender Icing,16-3928,#9999B4,153,153,180
Violet Dusk,14-3610,#C9B3CF,201,179,207
English Hyacinth,14-3715,#BFAECB,191,174,203
Lavender Oil,15-3615,#C3A6CD,195,166,205
Scented Lavender,14-3512,#CBB4D5,203,180,213
Lavender Lily,15-3530,#B5A0B8,181,160,184
Quiet Violet,16-3610,#A693AC,166,147,172
Violetta,16-3615,#AB9CB5,171,156,181
Stalactite,11-4101,#F7F6F2,247,246,242
Wispy Clouds,11-3900,#F0EFEE,240,239,238
White Down,12-0508,#E5E2D9,229,226,217
Snowy Peaks,12-0003,#E6DFD8,230,223,216
Sea Pearl,12-0705,#E3D9CE,227,217,206
Snowfall,11-0002,#E7DFD8,231,223,216
Nova Scotia,12-1306,#E7D9CE,231,217,206
Early Frost,12-4001,#DBD7D1,219,215,209
Cumulus Cloud,14-0207,#B5B0AB,181,176,171
Sweatshirt Gray,15-4401,#AEA7A3,174,167,163
Temple Gray,13-0005,#C9C3C1,201,195,193
Gray Daze,14-3700,#BCB3B2,188,179,178
Inscrutable,14-0702,#B5ACA7,181,172,167
Crushed Rock,16-3710,#9F958F,159,149,143
Steel Wool,14-3802,#BBB4B3,187,180,179
Alabaster Gray,14-4109,#BCB6B8,188,182,184
Gray Morning,14-4116,#B0AAAB,176,170,171
Cloud Cover,16-1523,#999393,153,147,147
Absorption,16-3804,#9D989A,157,152,154
Dolphin,16-2901,#9A9699,154,150,153
Wisdom Gray,17-0400,#847C7B,132,124,123
Storm Cloud,17-3927,#8C8588,140,133,136
Magnetite,17-2501,#81787A,129,120,122
Pyrite,18-3801,#766E6E,118,110,110
Organic Gray,18-0407,#6D6564,109,101,100
Subterranean,18-3709,#5B5252,91,82,82
Tire Tread,18-3901,#4F494A,79,73,74
Solemnity,19-0914,#372D2D,55,45,45
Misted Morn,16-1503,#9B9898,155,152,152
Gypsum,16-1502,#8C8887,140,136,135
Gray Contours,17-1504,#827F7F,130,127,127
Cliffside Gray,18-1611,#75706E,117,112,110
Hematite,17-5800,#756F6B,117,111,107
Dark Night,18-0307,#645E58,100,94,88
Andesite,18-1408,#534D47,83,77,71
Gray Maze,18-4012,#6A6668,106,102,104
Dark Core,18-3914,#565050,86,80,80
Catacombs,19-0610,#544D4D,84,77,77
Carbon Copy,19-3904,#464143,70,65,67
Camo Gray,19-4002,#3F3B3E,63,59,62
Black Hole,19-3913,#434044,67,64,68
Black Sea,19-1011,#3E383C,62,56,60
Cityscape,15-5212,#9B9CA0,155,156,160
Full Moon,16-0005,#919095,145,144,149
Abalone Shell,17-4017,#7E7F86,126,127,134
Arctic Seal,18-3924,#666771,102,103,113
Burnt Ash,18-4021,#484B53,72,75,83
Black Cat,19-3820,#30313B,48,49,59
Silhouette,19-4103,#252B36,37,43,54
Secret Spaces,14-4309,#B6BBC0,182,187,192
Cathedral Spire,14-4205,#A0A3A7,160,163,167
Stone Mountain,18-4705,#686A6D,104,106,109
Gray Shingles,18-4205,#656E75,101,110,117
Rocky Rims,18-4319,#616871,97,104,113
Enigma,19-4209,#575B61,87,91,97
Gray Whale,19-4310,#4D5056,77,80,86
Tracing Gray,14-4605,#B9B9B5,185,185,181
Monsoon Mist,14-4216,#B6B9B8,182,185,184
Gray Illusions,16-4705,#9F9E9D,159,158,157
Profile Gray,17-5103,#898887,137,136,135
Gray Matter,18-4602,#6B6C6B,107,108,107
Iron Oxide,18-5103,#5D5C5B,93,92,91
Bitumen,19-0503,#3D3B39,61,59,57
Debonair Gray,16-4803,#87857C,135,133,124
Underworld,17-4005,#83807B,131,128,123
Foghorn,18-4331,#777671,119,118,113
Gray Velvet,18-0205,#605C55,96,92,85
Lamp Black,19-0507,#484744,72,71,68
Elegance,19-0505,#48473F,72,71,63
Deep Caverns,19-4001,#2E2C2B,46,44,43
Impenetrable,18-4007,#524F51,82,79,81
Coal Smoke,19-3914,#545152,84,81,82
Clever Crows,19-5303,#3E3F40,62,63,64
Printer's Ink,19-4100,#353536,53,53,54
Bottomless Pit,19-4204,#282C30,40,44,48
Affenpinscher,19-4000,#272C2D,39,44,45
Black Robe,19-4206,#2D2E30,45,46,48
